"DateTime","month","day_of_week","time_of_day","Arrived","Waiting","RAT","TRIAGE","MAJORS","RESUS","TAF","UTC","admission"
2020-01-01 15:00:00,1,4,15,2,3,1,4,1,1,0,0,0
2020-01-01 16:00:00,1,4,16,0,0,5,14,5,2,0,1,0
2020-01-01 17:00:00,1,4,17,1,0,2,20,7,2,0,0,0
2020-01-01 18:00:00,1,4,18,0,0,2,18,7,2,0,0,2
2020-01-01 19:00:00,1,4,19,1,1,3,12,3,3,0,0,1
2020-01-01 20:00:00,1,4,20,3,1,3,12,2,1,0,0,3
2020-01-01 21:00:00,1,4,21,0,0,6,11,7,1,0,0,1
2020-01-01 22:00:00,1,4,22,1,4,6,12,10,1,0,1,1
2020-01-01 23:00:00,1,4,23,2,3,9,9,11,2,0,1,1
2020-01-02 00:00:00,1,5,0,4,1,4,13,13,2,0,2,0
2020-01-02 01:00:00,1,5,1,0,0,7,13,13,4,1,2,2
2020-01-02 02:00:00,1,5,2,0,0,5,11,15,3,0,1,2
2020-01-02 03:00:00,1,5,3,0,0,2,10,19,2,1,1,2
2020-01-02 04:00:00,1,5,4,1,0,3,7,16,2,1,2,1
2020-01-02 05:00:00,1,5,5,0,1,3,7,17,2,1,0,3
2020-01-02 06:00:00,1,5,6,1,0,1,7,17,3,1,1,1
2020-01-02 07:00:00,1,5,7,2,0,2,5,16,3,1,1,1
2020-01-02 08:00:00,1,5,8,0,0,3,8,16,4,0,1,1
2020-01-02 09:00:00,1,5,9,2,2,3,6,12,3,0,3,3
2020-01-02 10:00:00,1,5,10,7,4,4,10,12,3,0,5,2
2020-01-02 11:00:00,1,5,11,1,4,10,21,14,3,0,4,2
2020-01-02 12:00:00,1,5,12,2,1,13,21,13,2,0,4,3
2020-01-02 13:00:00,1,5,13,2,5,14,30,17,3,0,6,2
2020-01-02 14:00:00,1,5,14,4,14,9,24,20,2,0,5,2
2020-01-02 15:00:00,1,5,15,2,25,11,15,24,2,0,6,1
2020-01-02 16:00:00,1,5,16,2,0,9,35,28,1,0,10,1
2020-01-02 17:00:00,1,5,17,6,6,11,25,26,3,0,9,7
2020-01-02 18:00:00,1,5,18,6,10,11,27,24,3,0,8,8
2020-01-02 19:00:00,1,5,19,5,5,7,40,20,5,1,12,3
2020-01-02 20:00:00,1,5,20,3,12,8,33,21,3,0,9,4
2020-01-02 21:00:00,1,5,21,0,2,4,45,19,4,0,8,2
2020-01-02 22:00:00,1,5,22,1,3,6,30,21,3,0,8,4
2020-01-02 23:00:00,1,5,23,1,1,3,27,24,4,0,4,4
2020-01-03 00:00:00,1,6,0,1,1,6,25,21,3,1,3,7
2020-01-03 01:00:00,1,6,1,1,0,7,18,19,4,1,3,0
2020-01-03 02:00:00,1,6,2,1,0,5,15,17,4,1,1,5
2020-01-03 03:00:00,1,6,3,0,1,7,10,18,3,1,0,1
2020-01-03 04:00:00,1,6,4,0,0,1,5,18,3,1,0,2
2020-01-03 05:00:00,1,6,5,2,4,2,1,14,3,1,0,1
2020-01-03 06:00:00,1,6,6,3,1,2,2,16,5,1,1,2
2020-01-03 07:00:00,1,6,7,1,0,2,5,17,3,1,2,2
2020-01-03 08:00:00,1,6,8,1,0,2,6,16,3,1,1,2
2020-01-03 09:00:00,1,6,9,2,0,1,11,13,2,1,2,1
2020-01-03 10:00:00,1,6,10,2,4,2,17,8,2,1,3,4
2020-01-03 11:00:00,1,6,11,2,0,6,12,10,2,1,1,1
2020-01-03 12:00:00,1,6,12,7,0,6,18,9,3,1,3,0
2020-01-03 13:00:00,1,6,13,3,4,6,15,10,4,2,2,3
2020-01-03 14:00:00,1,6,14,4,8,5,16,14,3,1,3,0
2020-01-03 15:00:00,1,6,15,0,0,11,19,16,4,1,4,6
2020-01-03 16:00:00,1,6,16,0,3,7,20,18,4,0,5,1
2020-01-03 17:00:00,1,6,17,4,0,13,16,18,5,0,2,5
2020-01-03 18:00:00,1,6,18,5,7,13,16,20,4,1,5,2
2020-01-03 19:00:00,1,6,19,3,6,13,27,20,4,1,10,4
2020-01-03 20:00:00,1,6,20,2,0,6,33,17,4,0,7,4
2020-01-03 21:00:00,1,6,21,1,5,5,31,25,4,0,7,2
2020-01-03 22:00:00,1,6,22,1,2,9,31,24,4,0,3,6
2020-01-03 23:00:00,1,6,23,3,0,7,22,21,4,0,5,7
2020-01-04 00:00:00,1,7,0,0,0,6,19,21,4,0,3,3
2020-01-04 01:00:00,1,7,1,2,0,4,20,21,4,0,3,2
2020-01-04 02:00:00,1,7,2,0,0,3,22,16,2,0,4,6
2020-01-04 03:00:00,1,7,3,1,1,1,16,13,2,0,3,6
2020-01-04 04:00:00,1,7,4,0,1,3,11,10,2,0,4,1
2020-01-04 05:00:00,1,7,5,0,0,3,5,9,2,0,7,3
2020-01-04 06:00:00,1,7,6,0,0,2,2,10,0,0,5,2
2020-01-04 07:00:00,1,7,7,0,1,2,2,11,0,0,4,2
2020-01-04 08:00:00,1,7,8,1,0,2,0,6,2,1,2,0
2020-01-04 09:00:00,1,7,9,1,0,0,2,6,1,1,0,2
2020-01-04 10:00:00,1,7,10,1,0,2,5,5,1,0,0,2
2020-01-04 11:00:00,1,7,11,2,0,1,5,5,2,0,1,1
2020-01-04 12:00:00,1,7,12,1,0,3,9,4,3,1,0,1
2020-01-04 13:00:00,1,7,13,3,0,2,12,6,3,2,2,0
2020-01-04 14:00:00,1,7,14,6,10,4,6,8,4,0,0,2
2020-01-04 15:00:00,1,7,15,4,5,8,19,8,5,0,1,2
2020-01-04 16:00:00,1,7,16,4,2,4,29,11,3,3,1,2
2020-01-04 17:00:00,1,7,17,2,2,2,24,15,5,3,3,1
2020-01-04 18:00:00,1,7,18,3,13,4,15,15,4,0,2,1
2020-01-04 19:00:00,1,7,19,1,4,3,22,17,3,0,2,4
2020-01-04 20:00:00,1,7,20,1,0,5,23,10,3,3,3,6
2020-01-04 21:00:00,1,7,21,1,0,1,20,13,3,3,4,1
2020-01-04 22:00:00,1,7,22,2,2,1,11,10,3,2,4,2
2020-01-04 23:00:00,1,7,23,3,2,1,9,11,3,2,2,5
2020-01-05 00:00:00,1,1,0,2,4,0,10,14,3,2,1,2
2020-01-05 01:00:00,1,1,1,2,3,1,10,8,3,3,2,3
2020-01-05 02:00:00,1,1,2,0,3,1,8,9,2,3,0,3
2020-01-05 03:00:00,1,1,3,0,0,0,4,10,3,3,1,0
2020-01-05 04:00:00,1,1,4,1,3,3,2,9,2,3,0,1
2020-01-05 05:00:00,1,1,5,0,0,0,2,11,3,3,2,0
2020-01-05 06:00:00,1,1,6,2,1,2,1,7,3,3,2,1
2020-01-05 07:00:00,1,1,7,2,0,0,3,7,1,3,0,3
2020-01-05 08:00:00,1,1,8,2,1,1,3,2,1,3,0,1
2020-01-05 09:00:00,1,1,9,2,1,2,5,5,0,3,0,0
2020-01-05 10:00:00,1,1,10,1,1,2,4,7,2,3,0,1
2020-01-05 11:00:00,1,1,11,2,2,4,2,8,2,2,1,0
2020-01-05 12:00:00,1,1,12,4,0,8,8,11,1,2,1,1
2020-01-05 13:00:00,1,1,13,6,0,4,13,16,0,2,2,4
2020-01-05 14:00:00,1,1,14,4,0,6,12,16,3,1,2,2
2020-01-05 15:00:00,1,1,15,3,1,11,7,18,3,1,4,2
2020-01-05 16:00:00,1,1,16,2,3,10,10,17,2,1,7,2
2020-01-05 17:00:00,1,1,17,4,1,2,12,16,2,0,6,2
2020-01-05 18:00:00,1,1,18,2,0,3,8,17,3,0,6,2
2020-01-05 19:00:00,1,1,19,3,1,5,16,12,4,0,2,3
2020-01-05 20:00:00,1,1,20,0,0,4,16,13,4,0,7,4
2020-01-05 21:00:00,1,1,21,2,1,1,12,7,4,1,3,6
2020-01-05 22:00:00,1,1,22,2,2,3,11,7,4,0,2,3
2020-01-05 23:00:00,1,1,23,2,2,2,6,10,2,1,2,2
2020-01-06 00:00:00,1,2,0,4,0,3,5,13,2,1,1,2
2020-01-06 01:00:00,1,2,1,1,0,4,4,15,1,1,1,2
2020-01-06 02:00:00,1,2,2,0,0,1,4,9,1,2,1,3
2020-01-06 03:00:00,1,2,3,1,0,0,6,4,0,2,1,4
2020-01-06 04:00:00,1,2,4,0,1,2,3,4,0,2,1,0
2020-01-06 05:00:00,1,2,5,0,1,2,0,5,0,2,4,1
2020-01-06 06:00:00,1,2,6,0,0,0,1,7,0,2,0,1
2020-01-06 07:00:00,1,2,7,0,0,1,2,6,0,2,0,1
2020-01-06 08:00:00,1,2,8,1,0,2,2,5,0,1,1,1
2020-01-06 09:00:00,1,2,9,1,1,4,3,4,0,1,0,1
2020-01-06 10:00:00,1,2,10,5,8,6,1,6,0,1,0,1
2020-01-06 11:00:00,1,2,11,2,9,11,1,13,2,1,2,0
2020-01-06 12:00:00,1,2,12,2,7,9,7,22,4,1,3,1
2020-01-06 13:00:00,1,2,13,3,8,12,5,22,4,1,2,2
2020-01-06 14:00:00,1,2,14,1,10,11,7,19,4,1,3,2
2020-01-06 15:00:00,1,2,15,4,8,11,1,17,5,2,1,5
2020-01-06 16:00:00,1,2,16,2,11,15,1,21,3,2,4,1
2020-01-06 17:00:00,1,2,17,3,14,11,6,18,4,2,7,7
2020-01-06 18:00:00,1,2,18,4,31,8,5,21,3,2,4,5
2020-01-06 19:00:00,1,2,19,1,41,11,1,18,3,2,4,2
2020-01-06 20:00:00,1,2,20,4,15,15,11,19,4,2,9,2
2020-01-06 21:00:00,1,2,21,2,7,14,16,19,4,2,5,5
2020-01-06 22:00:00,1,2,22,1,1,6,20,20,2,1,3,6
2020-01-06 23:00:00,1,2,23,3,2,2,11,18,3,1,2,5
2020-01-07 00:00:00,1,3,0,0,3,1,8,14,2,1,3,3
2020-01-07 01:00:00,1,3,1,0,0,1,8,13,2,1,2,2
2020-01-07 02:00:00,1,3,2,0,0,0,7,7,1,1,0,4
2020-01-07 03:00:00,1,3,3,0,1,1,4,4,2,0,1,2
2020-01-07 04:00:00,1,3,4,0,0,1,5,4,1,1,1,2
2020-01-07 05:00:00,1,3,5,2,0,1,2,6,2,1,0,0
2020-01-07 06:00:00,1,3,6,0,3,0,1,7,3,1,0,0
2020-01-07 07:00:00,1,3,7,1,0,0,6,7,3,0,0,0
2020-01-07 08:00:00,1,3,8,0,0,2,9,8,2,0,1,1
2020-01-07 09:00:00,1,3,9,1,1,4,12,8,2,0,1,2
2020-01-07 10:00:00,1,3,10,3,3,5,20,9,1,1,2,1
2020-01-07 11:00:00,1,3,11,4,12,6,23,11,2,2,2,1
2020-01-07 12:00:00,1,3,12,2,16,13,20,17,1,1,2,0
2020-01-07 13:00:00,1,3,13,2,27,8,17,15,2,0,2,4
2020-01-07 14:00:00,1,3,14,1,34,8,8,12,1,0,3,4
2020-01-07 15:00:00,1,3,15,7,30,8,6,16,2,1,4,2
2020-01-07 16:00:00,1,3,16,5,11,8,26,14,3,0,6,1
2020-01-07 17:00:00,1,3,17,3,7,8,27,14,3,0,8,2
2020-01-07 18:00:00,1,3,18,2,3,11,33,17,1,0,5,4
2020-01-07 19:00:00,1,3,19,1,5,9,32,17,2,0,4,1
2020-01-07 20:00:00,1,3,20,4,1,10,30,17,2,0,3,3
2020-01-07 21:00:00,1,3,21,2,1,12,34,23,4,0,1,2
2020-01-07 22:00:00,1,3,22,1,1,8,31,25,4,0,3,3
2020-01-07 23:00:00,1,3,23,1,1,9,18,22,4,1,4,4
2020-01-08 00:00:00,1,4,0,1,2,6,18,19,3,0,5,6
2020-01-08 01:00:00,1,4,1,0,0,2,16,19,0,0,3,5
2020-01-08 02:00:00,1,4,2,0,0,2,12,17,0,0,1,7
2020-01-08 03:00:00,1,4,3,1,1,0,6,17,0,0,3,1
2020-01-08 04:00:00,1,4,4,1,0,1,7,16,1,0,0,1
2020-01-08 05:00:00,1,4,5,1,0,2,4,10,2,0,0,3
2020-01-08 06:00:00,1,4,6,2,2,1,0,13,0,1,0,1
2020-01-08 07:00:00,1,4,7,1,4,0,0,9,0,1,0,2
2020-01-08 08:00:00,1,4,8,2,0,1,6,5,0,1,0,2
2020-01-08 09:00:00,1,4,9,3,3,5,5,4,0,0,0,0
2020-01-08 10:00:00,1,4,10,4,11,10,9,6,1,0,1,0
2020-01-08 11:00:00,1,4,11,2,5,6,21,11,3,0,1,0
2020-01-08 12:00:00,1,4,12,4,7,7,14,16,4,0,2,1
2020-01-08 13:00:00,1,4,13,4,12,15,9,13,3,0,0,1
2020-01-08 14:00:00,1,4,14,6,18,8,7,18,2,0,9,0
2020-01-08 15:00:00,1,4,15,2,33,12,3,21,3,0,10,2
2020-01-08 16:00:00,1,4,16,3,14,9,24,20,4,0,9,1
2020-01-08 17:00:00,1,4,17,2,18,15,23,22,3,0,6,5
2020-01-08 18:00:00,1,4,18,2,28,14,5,19,2,1,10,8
2020-01-08 19:00:00,1,4,19,1,5,13,26,18,3,0,4,9
2020-01-08 20:00:00,1,4,20,2,1,10,30,24,4,0,1,2
2020-01-08 21:00:00,1,4,21,0,8,14,23,15,4,0,1,6
2020-01-08 22:00:00,1,4,22,1,5,8,17,13,4,0,6,2
2020-01-08 23:00:00,1,4,23,2,5,7,16,16,2,0,4,5
2020-01-09 00:00:00,1,5,0,0,0,9,15,16,1,0,5,4
2020-01-09 01:00:00,1,5,1,0,4,8,11,18,2,0,2,4
2020-01-09 02:00:00,1,5,2,1,0,5,8,15,1,0,4,8
2020-01-09 03:00:00,1,5,3,0,4,2,6,16,1,0,3,1
2020-01-09 04:00:00,1,5,4,0,1,3,4,15,1,0,1,2
2020-01-09 05:00:00,1,5,5,0,3,3,1,12,2,1,0,1
2020-01-09 06:00:00,1,5,6,1,0,1,4,7,1,1,1,1
2020-01-09 07:00:00,1,5,7,0,1,5,1,7,1,1,1,2
2020-01-09 08:00:00,1,5,8,1,3,1,0,8,1,1,0,0
2020-01-09 09:00:00,1,5,9,1,0,2,8,7,1,1,2,2
2020-01-09 10:00:00,1,5,10,2,0,0,10,9,1,1,3,0
2020-01-09 11:00:00,1,5,11,3,2,1,12,11,2,2,2,3
2020-01-09 12:00:00,1,5,12,1,7,0,21,15,1,2,2,2
2020-01-09 13:00:00,1,5,13,5,4,7,20,13,1,1,1,2
2020-01-09 14:00:00,1,5,14,3,9,12,26,14,2,1,5,0
2020-01-09 15:00:00,1,5,15,5,4,12,32,19,2,2,4,3
2020-01-09 16:00:00,1,5,16,2,6,5,28,22,4,2,8,5
2020-01-09 17:00:00,1,5,17,4,2,5,29,23,3,1,7,1
2020-01-09 18:00:00,1,5,18,4,2,8,38,18,4,3,7,4
2020-01-09 19:00:00,1,5,19,2,1,10,35,20,5,2,7,4
2020-01-09 20:00:00,1,5,20,2,0,14,32,20,4,3,11,2
2020-01-09 21:00:00,1,5,21,1,1,15,22,17,4,3,9,10
2020-01-09 22:00:00,1,5,22,2,5,12,12,21,5,1,11,4
2020-01-09 23:00:00,1,5,23,1,2,8,16,23,5,1,11,2
2020-01-10 00:00:00,1,6,0,2,1,6,14,24,3,0,9,7
2020-01-10 01:00:00,1,6,1,1,3,6,9,23,3,0,4,2
2020-01-10 02:00:00,1,6,2,0,1,3,6,21,3,0,1,4
2020-01-10 03:00:00,1,6,3,0,1,3,5,20,2,0,3,0
2020-01-10 04:00:00,1,6,4,1,2,1,2,19,2,0,3,0
2020-01-10 05:00:00,1,6,5,2,1,2,0,15,2,1,4,2
2020-01-10 06:00:00,1,6,6,1,0,2,1,8,2,3,4,4
2020-01-10 07:00:00,1,6,7,0,2,2,0,7,1,3,3,2
2020-01-10 08:00:00,1,6,8,1,6,2,0,7,1,3,2,1
2020-01-10 09:00:00,1,6,9,1,0,3,7,5,1,3,3,1
2020-01-10 10:00:00,1,6,10,2,7,3,2,4,1,3,4,1
2020-01-10 11:00:00,1,6,11,1,2,5,18,7,2,3,3,1
2020-01-10 12:00:00,1,6,12,2,7,8,15,15,3,2,5,2
2020-01-10 13:00:00,1,6,13,6,1,4,22,20,1,3,4,3
2020-01-10 14:00:00,1,6,14,3,2,3,25,24,3,3,4,4
2020-01-10 15:00:00,1,6,15,2,4,5,26,24,4,2,8,4
2020-01-10 16:00:00,1,6,16,2,0,6,33,27,4,1,8,0
2020-01-10 17:00:00,1,6,17,4,5,11,29,25,3,2,6,4
2020-01-10 18:00:00,1,6,18,5,8,14,25,24,3,1,7,7
2020-01-10 19:00:00,1,6,19,2,12,14,16,23,5,1,5,4
2020-01-10 20:00:00,1,6,20,1,17,14,7,20,4,2,5,5
2020-01-10 21:00:00,1,6,21,2,2,10,18,21,4,1,6,7
2020-01-10 22:00:00,1,6,22,4,2,3,12,21,3,1,9,3
2020-01-10 23:00:00,1,6,23,3,4,7,12,16,4,1,6,6
2020-01-11 00:00:00,1,7,0,0,0,13,11,19,3,2,7,2
2020-01-11 01:00:00,1,7,1,4,5,6,8,19,4,3,7,1
2020-01-11 02:00:00,1,7,2,1,2,3,7,26,2,2,8,4
2020-01-11 03:00:00,1,7,3,0,0,1,11,24,2,2,7,1
2020-01-11 04:00:00,1,7,4,0,4,3,5,19,3,2,4,1
2020-01-11 05:00:00,1,7,5,4,0,5,4,16,2,2,3,2
2020-01-11 06:00:00,1,7,6,0,2,4,3,16,2,3,4,1
2020-01-11 07:00:00,1,7,7,1,1,1,3,13,0,3,3,6
2020-01-11 08:00:00,1,7,8,1,4,0,4,13,0,1,3,1
2020-01-11 09:00:00,1,7,9,3,0,1,11,15,1,1,2,0
2020-01-11 10:00:00,1,7,10,1,2,2,13,12,1,1,1,0
2020-01-11 11:00:00,1,7,11,1,0,1,12,9,1,1,2,3
2020-01-11 12:00:00,1,7,12,3,2,3,13,10,1,1,3,1
2020-01-11 13:00:00,1,7,13,4,0,0,15,11,1,2,2,2
2020-01-11 14:00:00,1,7,14,3,2,1,15,8,3,1,4,2
2020-01-11 15:00:00,1,7,15,0,5,9,18,6,2,2,3,1
2020-01-11 16:00:00,1,7,16,1,2,3,17,12,2,1,2,1
2020-01-11 17:00:00,1,7,17,5,2,5,13,13,1,2,2,4
2020-01-11 18:00:00,1,7,18,2,9,7,17,13,2,1,1,4
2020-01-11 19:00:00,1,7,19,3,1,10,14,13,3,1,2,2
2020-01-11 20:00:00,1,7,20,2,1,4,19,13,2,2,4,3
2020-01-11 21:00:00,1,7,21,2,1,5,15,13,3,2,3,3
2020-01-11 22:00:00,1,7,22,0,1,6,10,15,4,2,1,2
2020-01-11 23:00:00,1,7,23,2,2,7,9,16,2,1,1,3
2020-01-12 00:00:00,1,1,0,1,0,6,8,18,2,1,3,3
2020-01-12 01:00:00,1,1,1,0,6,1,10,20,2,1,3,3
2020-01-12 02:00:00,1,1,2,3,0,1,11,14,0,1,2,3
2020-01-12 03:00:00,1,1,3,0,0,1,10,12,1,0,0,1
2020-01-12 04:00:00,1,1,4,2,3,7,3,7,1,2,1,4
2020-01-12 05:00:00,1,1,5,0,0,3,5,9,1,2,3,2
2020-01-12 06:00:00,1,1,6,0,1,0,5,10,0,2,1,1
2020-01-12 07:00:00,1,1,7,1,2,0,7,8,1,2,2,0
2020-01-12 08:00:00,1,1,8,0,0,2,9,7,1,1,1,0
2020-01-12 09:00:00,1,1,9,0,1,2,10,5,2,1,1,1
2020-01-12 10:00:00,1,1,10,1,0,3,7,5,3,1,0,1
2020-01-12 11:00:00,1,1,11,0,0,2,10,6,2,2,2,0
2020-01-12 12:00:00,1,1,12,2,1,3,12,10,2,3,2,0
2020-01-12 13:00:00,1,1,13,2,2,4,11,11,1,2,1,3
2020-01-12 14:00:00,1,1,14,2,0,2,17,13,2,1,3,1
2020-01-12 15:00:00,1,1,15,0,0,2,30,13,2,1,1,2
2020-01-12 16:00:00,1,1,16,2,5,7,12,10,2,1,1,3
2020-01-12 17:00:00,1,1,17,0,0,5,16,18,1,1,1,0
2020-01-12 18:00:00,1,1,18,5,5,6,9,13,2,1,1,1
2020-01-12 19:00:00,1,1,19,1,1,5,13,13,3,0,2,2
2020-01-12 20:00:00,1,1,20,1,0,9,12,10,3,1,1,4
2020-01-12 21:00:00,1,1,21,2,0,8,17,10,4,1,3,2
2020-01-12 22:00:00,1,1,22,1,0,9,13,10,3,1,2,5
2020-01-12 23:00:00,1,1,23,2,0,5,13,11,3,1,2,4
2020-01-13 00:00:00,1,2,0,1,0,4,10,9,3,2,1,7
2020-01-13 01:00:00,1,2,1,1,0,7,10,8,3,2,3,2
2020-01-13 02:00:00,1,2,2,1,0,1,9,10,1,2,3,3
2020-01-13 03:00:00,1,2,3,1,0,2,7,10,1,1,3,2
2020-01-13 04:00:00,1,2,4,0,0,2,5,7,1,1,4,2
2020-01-13 05:00:00,1,2,5,1,0,0,2,7,1,0,1,0
2020-01-13 06:00:00,1,2,6,0,2,1,0,8,0,0,0,1
2020-01-13 07:00:00,1,2,7,1,0,2,2,5,0,0,0,2
2020-01-13 08:00:00,1,2,8,3,4,2,2,5,0,0,0,1
2020-01-13 09:00:00,1,2,9,4,4,4,8,7,1,0,0,0
2020-01-13 10:00:00,1,2,10,1,4,2,24,13,0,0,1,0
2020-01-13 11:00:00,1,2,11,2,5,6,35,10,2,0,0,3
2020-01-13 12:00:00,1,2,12,6,6,7,36,11,3,0,2,1
2020-01-13 13:00:00,1,2,13,1,4,9,44,16,4,1,4,1
2020-01-13 14:00:00,1,2,14,6,4,10,47,18,4,1,5,3
2020-01-13 15:00:00,1,2,15,2,11,6,45,20,3,1,6,2
2020-01-13 16:00:00,1,2,16,3,1,12,42,18,4,1,5,2
2020-01-13 17:00:00,1,2,17,4,4,14,30,20,5,0,5,3
2020-01-13 18:00:00,1,2,18,2,5,20,24,20,4,1,3,4
2020-01-13 19:00:00,1,2,19,2,0,20,29,23,5,2,3,6
2020-01-13 20:00:00,1,2,20,4,3,17,20,25,5,2,0,4
2020-01-13 21:00:00,1,2,21,2,3,14,23,18,5,2,2,12
2020-01-13 22:00:00,1,2,22,2,0,11,21,20,3,1,2,4
2020-01-13 23:00:00,1,2,23,3,4,10,19,17,2,2,1,6
2020-01-14 00:00:00,1,3,0,0,5,4,18,14,4,1,3,3
2020-01-14 01:00:00,1,3,1,2,1,3,11,12,3,1,3,4
2020-01-14 02:00:00,1,3,2,0,3,1,9,5,3,2,5,5
2020-01-14 03:00:00,1,3,3,0,1,0,5,4,2,2,3,1
2020-01-14 04:00:00,1,3,4,2,1,0,2,3,0,1,2,4
2020-01-14 05:00:00,1,3,5,0,0,1,3,4,0,1,3,0
2020-01-14 06:00:00,1,3,6,1,1,0,2,3,0,1,3,1
2020-01-14 07:00:00,1,3,7,0,0,2,2,3,0,1,1,1
2020-01-14 08:00:00,1,3,8,2,0,0,1,4,0,1,1,0
2020-01-14 09:00:00,1,3,9,0,0,2,10,3,0,1,2,0
2020-01-14 10:00:00,1,3,10,6,6,4,11,4,0,1,1,0
2020-01-14 11:00:00,1,3,11,7,0,4,33,9,1,1,0,1
2020-01-14 12:00:00,1,3,12,4,2,3,45,12,3,1,0,2
2020-01-14 13:00:00,1,3,13,5,4,11,47,13,2,1,0,2
2020-01-14 14:00:00,1,3,14,3,9,6,37,15,4,1,2,2
2020-01-14 15:00:00,1,3,15,6,14,5,37,15,3,1,2,5
2020-01-14 16:00:00,1,3,16,1,10,9,40,16,3,1,2,3
2020-01-14 17:00:00,1,3,17,1,3,10,35,19,4,3,2,4
2020-01-14 18:00:00,1,3,18,6,16,12,18,17,3,3,1,10
2020-01-14 19:00:00,1,3,19,5,17,11,31,20,4,4,1,6
2020-01-14 20:00:00,1,3,20,3,6,12,41,23,4,2,0,4
2020-01-14 21:00:00,1,3,21,1,10,11,36,22,4,1,1,6
2020-01-14 22:00:00,1,3,22,2,9,4,26,23,3,1,2,7
2020-01-14 23:00:00,1,3,23,1,4,9,22,17,2,1,0,5
2020-01-15 00:00:00,1,4,0,2,7,6,18,15,3,1,2,5
2020-01-15 01:00:00,1,4,1,2,0,6,13,15,1,1,3,3
2020-01-15 02:00:00,1,4,2,1,0,2,6,14,4,0,1,6
2020-01-15 03:00:00,1,4,3,0,0,0,3,12,1,0,1,6
2020-01-15 04:00:00,1,4,4,1,1,2,2,7,1,1,0,1
2020-01-15 05:00:00,1,4,5,1,0,2,2,9,1,1,0,1
2020-01-15 06:00:00,1,4,6,0,0,4,2,10,0,0,0,2
2020-01-15 07:00:00,1,4,7,1,0,3,2,13,0,0,0,2
2020-01-15 08:00:00,1,4,8,1,0,1,4,15,1,0,0,1
2020-01-15 09:00:00,1,4,9,3,1,0,8,14,2,0,0,1
2020-01-15 10:00:00,1,4,10,0,2,1,19,11,2,0,1,0
2020-01-15 11:00:00,1,4,11,5,2,1,20,8,1,0,1,3
2020-01-15 12:00:00,1,4,12,6,3,2,21,13,1,0,2,0
2020-01-15 13:00:00,1,4,13,2,1,8,24,15,2,1,3,0
2020-01-15 14:00:00,1,4,14,3,3,12,25,18,2,1,3,1
2020-01-15 15:00:00,1,4,15,3,19,6,24,17,5,2,8,1
2020-01-15 16:00:00,1,4,16,1,6,5,40,24,5,2,13,1
2020-01-15 17:00:00,1,4,17,4,2,7,48,23,4,1,12,2
2020-01-15 18:00:00,1,4,18,1,1,10,48,25,3,2,8,4
2020-01-15 19:00:00,1,4,19,5,10,12,42,19,4,1,7,4
2020-01-15 20:00:00,1,4,20,5,7,12,31,15,3,1,4,6
2020-01-15 21:00:00,1,4,21,1,0,10,34,15,4,1,5,6
2020-01-15 22:00:00,1,4,22,1,0,2,26,18,4,1,8,5
2020-01-15 23:00:00,1,4,23,0,0,5,22,17,5,0,5,5
2020-01-16 00:00:00,1,5,0,2,0,5,16,16,4,0,3,7
2020-01-16 01:00:00,1,5,1,1,0,6,13,14,4,0,2,2
2020-01-16 02:00:00,1,5,2,1,0,5,7,11,4,0,3,2
2020-01-16 03:00:00,1,5,3,2,0,1,2,13,2,0,5,6
2020-01-16 04:00:00,1,5,4,0,0,1,2,10,1,0,1,3
2020-01-16 05:00:00,1,5,5,1,0,1,1,10,1,0,0,1
2020-01-16 06:00:00,1,5,6,0,0,0,0,9,0,0,1,1
2020-01-16 07:00:00,1,5,7,1,1,0,0,6,1,0,0,1
2020-01-16 08:00:00,1,5,8,3,0,0,4,6,1,0,0,0
2020-01-16 09:00:00,1,5,9,3,0,4,12,4,1,0,0,1
2020-01-16 10:00:00,1,5,10,2,2,3,12,11,0,0,3,0
2020-01-16 11:00:00,1,5,11,2,5,11,28,10,3,0,3,1
2020-01-16 12:00:00,1,5,12,2,1,7,29,11,1,0,9,4
2020-01-16 13:00:00,1,5,13,2,1,5,37,14,0,0,8,2
2020-01-16 14:00:00,1,5,14,0,0,7,35,18,0,0,5,1
2020-01-16 15:00:00,1,5,15,3,7,8,28,13,2,0,3,3
2020-01-16 16:00:00,1,5,16,4,2,8,28,14,2,1,4,7
2020-01-16 17:00:00,1,5,17,2,0,3,22,19,4,0,3,3
2020-01-16 18:00:00,1,5,18,6,1,4,17,21,3,0,4,7
2020-01-16 19:00:00,1,5,19,2,0,5,21,25,4,1,5,0
2020-01-16 20:00:00,1,5,20,0,0,6,23,22,3,0,6,8
2020-01-16 21:00:00,1,5,21,4,10,7,25,14,5,0,5,6
2020-01-16 22:00:00,1,5,22,4,13,7,21,18,3,0,1,7
2020-01-16 23:00:00,1,5,23,3,8,3,33,18,3,0,2,4
2020-01-17 00:00:00,1,6,0,4,2,7,34,18,2,0,4,3
2020-01-17 01:00:00,1,6,1,3,2,4,28,20,4,0,6,3
2020-01-17 02:00:00,1,6,2,1,1,3,19,21,5,0,5,0
2020-01-17 03:00:00,1,6,3,2,0,4,15,18,2,0,6,2
2020-01-17 04:00:00,1,6,4,1,0,4,12,16,3,0,7,3
2020-01-17 05:00:00,1,6,5,0,1,4,4,14,2,1,5,3
2020-01-17 06:00:00,1,6,6,1,2,4,1,11,2,1,5,1
2020-01-17 07:00:00,1,6,7,0,0,2,2,11,1,1,3,3
2020-01-17 08:00:00,1,6,8,1,4,1,0,9,1,1,3,2
2020-01-17 09:00:00,1,6,9,2,3,3,0,9,1,1,10,1
2020-01-17 10:00:00,1,6,10,3,2,2,0,11,1,1,7,1
2020-01-17 11:00:00,1,6,11,4,9,4,0,12,0,1,11,1
2020-01-17 12:00:00,1,6,12,9,21,7,0,11,0,1,11,3
2020-01-17 13:00:00,1,6,13,4,28,4,13,15,4,2,9,2
2020-01-17 14:00:00,1,6,14,2,22,8,10,19,4,1,14,1
2020-01-17 15:00:00,1,6,15,1,19,8,11,24,2,1,15,3
2020-01-17 16:00:00,1,6,16,3,28,6,4,20,3,0,15,9
2020-01-17 17:00:00,1,6,17,5,2,3,31,22,2,0,15,6
2020-01-17 18:00:00,1,6,18,1,5,7,20,21,4,0,15,8
2020-01-17 19:00:00,1,6,19,5,16,8,14,18,2,0,15,9
2020-01-17 20:00:00,1,6,20,6,3,7,16,19,3,0,18,9
2020-01-17 21:00:00,1,6,21,3,4,7,18,19,3,0,15,6
2020-01-17 22:00:00,1,6,22,3,6,9,9,23,4,0,11,2
2020-01-17 23:00:00,1,6,23,1,6,4,7,22,2,0,11,5
2020-01-18 00:00:00,1,7,0,2,8,3,9,22,1,0,13,2
2020-01-18 01:00:00,1,7,1,1,0,6,18,19,0,0,9,5
2020-01-18 02:00:00,1,7,2,1,1,4,18,22,1,0,4,0
2020-01-18 03:00:00,1,7,3,0,0,2,15,21,2,1,1,0
2020-01-18 04:00:00,1,7,4,1,3,5,8,18,2,2,1,2
2020-01-18 05:00:00,1,7,5,0,0,1,5,21,2,2,2,2
2020-01-18 06:00:00,1,7,6,0,0,1,4,18,1,1,1,2
2020-01-18 07:00:00,1,7,7,0,1,1,0,7,2,2,0,3
2020-01-18 08:00:00,1,7,8,1,3,1,2,8,1,1,0,0
2020-01-18 09:00:00,1,7,9,0,0,0,4,9,2,1,1,1
2020-01-18 10:00:00,1,7,10,2,0,1,13,7,2,0,1,0
2020-01-18 11:00:00,1,7,11,4,0,1,11,7,3,1,3,0
2020-01-18 12:00:00,1,7,12,6,3,5,18,9,3,1,2,1
2020-01-18 13:00:00,1,7,13,3,11,5,15,19,3,0,0,1
2020-01-18 14:00:00,1,7,14,0,8,3,19,24,3,0,2,0
2020-01-18 15:00:00,1,7,15,3,0,2,19,20,4,1,3,5
2020-01-18 16:00:00,1,7,16,5,4,5,18,19,3,0,3,6
2020-01-18 17:00:00,1,7,17,1,8,4,23,18,2,2,1,3
2020-01-18 18:00:00,1,7,18,2,6,7,17,21,3,3,1,1
2020-01-18 19:00:00,1,7,19,1,0,6,25,22,3,3,0,5
2020-01-18 20:00:00,1,7,20,3,2,3,24,25,4,3,1,2
2020-01-18 21:00:00,1,7,21,2,6,3,18,23,4,3,2,6
2020-01-18 22:00:00,1,7,22,1,1,6,26,22,1,3,1,6
2020-01-18 23:00:00,1,7,23,2,5,5,21,21,2,1,4,2
2020-01-19 00:00:00,1,1,0,0,2,5,21,22,3,2,4,3
2020-01-19 01:00:00,1,1,1,2,1,2,11,18,3,2,9,6
2020-01-19 02:00:00,1,1,2,0,0,1,18,18,3,2,6,3
2020-01-19 03:00:00,1,1,3,1,2,1,11,10,4,3,8,3
2020-01-19 04:00:00,1,1,4,0,0,2,6,13,1,3,7,2
2020-01-19 05:00:00,1,1,5,1,0,0,4,11,2,2,5,1
2020-01-19 06:00:00,1,1,6,0,0,0,0,11,1,3,1,3
2020-01-19 07:00:00,1,1,7,1,0,1,0,10,0,2,0,2
2020-01-19 08:00:00,1,1,8,0,1,1,1,11,0,2,0,1
2020-01-19 09:00:00,1,1,9,2,1,1,5,7,0,3,1,1
2020-01-19 10:00:00,1,1,10,2,0,1,9,8,0,3,1,1
2020-01-19 11:00:00,1,1,11,1,3,5,13,10,0,2,2,1
2020-01-19 12:00:00,1,1,12,2,2,5,11,16,0,2,3,0
2020-01-19 13:00:00,1,1,13,1,1,1,19,16,0,2,3,2
2020-01-19 14:00:00,1,1,14,2,4,9,23,14,2,2,5,2
2020-01-19 15:00:00,1,1,15,2,4,12,23,15,1,0,2,2
2020-01-19 16:00:00,1,1,16,1,0,12,20,17,1,0,3,2
2020-01-19 17:00:00,1,1,17,4,0,12,19,17,3,0,5,4
2020-01-19 18:00:00,1,1,18,2,2,10,19,19,4,0,7,2
2020-01-19 19:00:00,1,1,19,1,1,5,22,19,3,0,8,4
2020-01-19 20:00:00,1,1,20,3,1,5,21,19,4,1,5,4
2020-01-19 21:00:00,1,1,21,1,0,4,17,22,4,1,3,2
2020-01-19 22:00:00,1,1,22,2,1,2,8,22,4,1,5,3
2020-01-19 23:00:00,1,1,23,1,0,3,8,20,4,1,3,5
2020-01-20 00:00:00,1,2,0,1,0,3,7,18,2,1,3,5
2020-01-20 01:00:00,1,2,1,1,0,3,9,13,2,2,2,6
2020-01-20 02:00:00,1,2,2,0,0,3,3,12,1,3,1,5
2020-01-20 03:00:00,1,2,3,0,0,0,4,11,2,2,1,1
2020-01-20 04:00:00,1,2,4,2,0,0,3,11,1,2,2,2
2020-01-20 05:00:00,1,2,5,0,1,3,1,7,1,2,0,1
2020-01-20 06:00:00,1,2,6,0,0,2,2,7,1,1,0,2
2020-01-20 07:00:00,1,2,7,1,1,5,3,4,1,1,0,2
2020-01-20 08:00:00,1,2,8,1,0,4,5,5,1,1,1,1
2020-01-20 09:00:00,1,2,9,2,3,4,3,10,1,1,3,0
2020-01-20 10:00:00,1,2,10,6,2,3,21,13,0,0,3,2
2020-01-20 11:00:00,1,2,11,4,7,7,30,12,0,0,2,0
2020-01-20 12:00:00,1,2,12,7,14,4,37,14,2,0,5,3
2020-01-20 13:00:00,1,2,13,3,15,8,47,18,4,0,6,1
2020-01-20 14:00:00,1,2,14,3,2,7,47,21,4,2,6,2
2020-01-20 15:00:00,1,2,15,5,12,6,38,18,3,2,4,5
2020-01-20 16:00:00,1,2,16,8,27,5,15,19,3,1,6,1
2020-01-20 17:00:00,1,2,17,6,9,8,32,20,5,1,10,6
2020-01-20 18:00:00,1,2,18,1,17,7,31,20,4,1,10,5
2020-01-20 19:00:00,1,2,19,2,3,7,50,17,4,1,9,1
2020-01-20 20:00:00,1,2,20,4,0,7,40,19,3,1,6,3
2020-01-20 21:00:00,1,2,21,3,1,4,32,22,4,0,4,1
2020-01-20 22:00:00,1,2,22,2,8,9,25,21,4,0,5,2
2020-01-20 23:00:00,1,2,23,2,5,9,23,23,4,1,4,7
2020-01-21 00:00:00,1,3,0,1,9,6,21,24,4,0,2,4
2020-01-21 01:00:00,1,3,1,1,3,6,26,23,4,0,3,4
2020-01-21 02:00:00,1,3,2,0,0,4,25,21,3,0,1,5
2020-01-21 03:00:00,1,3,3,0,0,4,14,20,2,1,1,2
2020-01-21 04:00:00,1,3,4,3,2,2,5,15,2,1,2,1
2020-01-21 05:00:00,1,3,5,2,1,3,8,16,2,1,0,4
2020-01-21 06:00:00,1,3,6,1,1,6,8,12,3,1,0,2
2020-01-21 07:00:00,1,3,7,2,1,4,8,13,2,1,1,1
2020-01-21 08:00:00,1,3,8,1,8,3,6,13,2,1,1,1
2020-01-21 09:00:00,1,3,9,3,1,2,13,14,2,1,2,1
2020-01-21 10:00:00,1,3,10,4,1,2,20,14,2,2,3,0
2020-01-21 11:00:00,1,3,11,3,1,4,24,16,2,2,3,0
2020-01-21 12:00:00,1,3,12,5,13,4,27,11,3,2,4,3
2020-01-21 13:00:00,1,3,13,5,13,8,39,13,4,1,5,1
2020-01-21 14:00:00,1,3,14,4,21,16,32,14,4,0,3,3
2020-01-21 15:00:00,1,3,15,3,17,14,28,22,4,0,2,1
2020-01-21 16:00:00,1,3,16,5,5,9,36,24,4,0,7,4
2020-01-21 17:00:00,1,3,17,5,17,8,25,23,2,0,3,5
2020-01-21 18:00:00,1,3,18,5,13,9,28,21,1,0,1,7
2020-01-21 19:00:00,1,3,19,4,6,7,30,19,2,0,2,7
2020-01-21 20:00:00,1,3,20,5,5,5,32,23,2,0,3,4
2020-01-21 21:00:00,1,3,21,3,3,14,25,20,3,0,3,4
2020-01-21 22:00:00,1,3,22,1,7,9,21,16,3,0,0,2
2020-01-21 23:00:00,1,3,23,1,3,10,17,19,1,1,1,3
2020-01-22 00:00:00,1,4,0,4,3,8,16,21,1,1,1,4
2020-01-22 01:00:00,1,4,1,0,2,4,21,22,2,1,2,1
2020-01-22 02:00:00,1,4,2,0,0,3,15,20,2,2,2,2
2020-01-22 03:00:00,1,4,3,2,1,2,11,18,2,1,1,2
2020-01-22 04:00:00,1,4,4,0,0,3,13,13,3,1,1,3
2020-01-22 05:00:00,1,4,5,0,0,2,10,8,3,2,0,3
2020-01-22 06:00:00,1,4,6,0,1,1,7,7,3,2,0,1
2020-01-22 07:00:00,1,4,7,1,4,2,7,5,2,2,1,2
2020-01-22 08:00:00,1,4,8,1,3,3,5,7,1,2,0,1
2020-01-22 09:00:00,1,4,9,0,1,1,2,6,3,3,11,1
2020-01-22 10:00:00,1,4,10,3,0,4,4,7,3,3,13,2
2020-01-22 11:00:00,1,4,11,1,3,6,4,13,3,1,17,1
2020-01-22 12:00:00,1,4,12,2,0,6,9,19,4,1,17,0
2020-01-22 13:00:00,1,4,13,5,0,8,13,23,4,1,14,5
2020-01-22 14:00:00,1,4,14,3,1,13,15,25,4,1,13,4
2020-01-22 15:00:00,1,4,15,3,2,9,18,26,5,1,15,6
2020-01-22 16:00:00,1,4,16,1,0,14,15,26,4,1,14,3
2020-01-22 17:00:00,1,4,17,2,2,8,20,26,5,0,13,5
2020-01-22 18:00:00,1,4,18,2,1,8,25,25,4,1,13,5
2020-01-22 19:00:00,1,4,19,5,1,11,34,14,3,2,12,5
2020-01-22 20:00:00,1,4,20,3,1,13,34,19,3,2,8,4
2020-01-22 21:00:00,1,4,21,1,4,4,35,25,3,2,7,1
2020-01-22 22:00:00,1,4,22,3,1,5,23,23,5,1,10,4
2020-01-22 23:00:00,1,4,23,0,9,5,17,23,4,1,11,6
2020-01-23 00:00:00,1,5,0,1,3,8,13,16,4,0,8,7
2020-01-23 01:00:00,1,5,1,1,5,5,11,22,4,0,7,3
2020-01-23 02:00:00,1,5,2,0,1,6,4,18,4,0,13,5
2020-01-23 03:00:00,1,5,3,1,1,2,5,17,5,0,8,2
2020-01-23 04:00:00,1,5,4,0,2,0,6,15,5,0,3,2
2020-01-23 05:00:00,1,5,5,2,0,3,0,11,5,1,11,1
2020-01-23 06:00:00,1,5,6,2,0,0,1,14,5,1,8,0
2020-01-23 07:00:00,1,5,7,0,1,1,1,16,3,1,6,1
2020-01-23 08:00:00,1,5,8,3,1,0,2,15,3,1,5,0
2020-01-23 09:00:00,1,5,9,3,1,2,0,19,2,1,11,2
2020-01-23 10:00:00,1,5,10,6,8,3,8,15,3,1,11,1
2020-01-23 11:00:00,1,5,11,5,8,8,15,19,2,2,13,2
2020-01-23 12:00:00,1,5,12,4,13,14,22,16,2,2,13,0
2020-01-23 13:00:00,1,5,13,5,12,8,20,19,4,2,17,8
2020-01-23 14:00:00,1,5,14,8,2,11,25,19,5,2,11,4
2020-01-23 15:00:00,1,5,15,4,2,12,21,23,5,1,12,5
2020-01-23 16:00:00,1,5,16,4,9,10,19,22,5,2,13,4
2020-01-23 17:00:00,1,5,17,5,4,14,23,23,4,2,15,4
2020-01-23 18:00:00,1,5,18,1,6,12,25,21,5,2,7,7
2020-01-23 19:00:00,1,5,19,1,10,10,18,24,5,2,17,4
2020-01-23 20:00:00,1,5,20,4,12,10,23,22,3,2,10,5
2020-01-23 21:00:00,1,5,21,3,0,12,34,22,5,1,8,2
2020-01-23 22:00:00,1,5,22,1,1,13,39,16,3,1,10,4
2020-01-23 23:00:00,1,5,23,1,2,11,23,21,5,1,4,3
2020-01-24 00:00:00,1,6,0,0,0,15,21,20,4,1,4,3
2020-01-24 01:00:00,1,6,1,2,0,12,18,19,4,1,2,5
2020-01-24 02:00:00,1,6,2,1,0,14,14,17,3,1,3,5
2020-01-24 03:00:00,1,6,3,0,0,11,5,21,2,1,3,2
2020-01-24 04:00:00,1,6,4,0,0,4,8,22,3,1,3,0
2020-01-24 05:00:00,1,6,5,0,1,7,6,21,4,1,3,0
2020-01-24 06:00:00,1,6,6,0,3,5,1,22,4,1,1,0
2020-01-24 07:00:00,1,6,7,1,0,5,0,20,5,1,3,1
2020-01-24 08:00:00,1,6,8,0,1,1,2,21,5,1,2,1
2020-01-24 09:00:00,1,6,9,3,0,1,1,22,5,1,7,0
2020-01-24 10:00:00,1,6,10,5,3,5,10,24,3,1,5,0
2020-01-24 11:00:00,1,6,11,2,0,6,17,24,3,1,5,1
2020-01-24 12:00:00,1,6,12,4,5,8,24,23,3,1,8,3
2020-01-24 13:00:00,1,6,13,4,11,2,19,25,5,1,3,4
2020-01-24 14:00:00,1,6,14,7,9,5,11,25,4,1,13,4
2020-01-24 15:00:00,1,6,15,4,14,6,6,26,4,1,16,5
2020-01-24 16:00:00,1,6,16,3,8,7,8,24,4,2,22,7
2020-01-24 17:00:00,1,6,17,6,17,5,3,27,4,0,21,3
2020-01-24 18:00:00,1,6,18,3,10,6,9,27,2,0,25,2
2020-01-24 19:00:00,1,6,19,7,23,3,13,24,3,0,22,4
2020-01-24 20:00:00,1,6,20,1,7,5,33,21,2,0,14,4
2020-01-24 21:00:00,1,6,21,2,4,8,34,23,5,0,9,3
2020-01-24 22:00:00,1,6,22,2,4,8,33,21,5,0,4,8
2020-01-24 23:00:00,1,6,23,1,1,5,26,22,3,1,2,5
2020-01-25 00:00:00,1,7,0,0,1,2,15,20,4,1,4,6
2020-01-25 01:00:00,1,7,1,1,1,6,8,17,3,1,5,4
2020-01-25 02:00:00,1,7,2,0,0,3,12,16,4,1,5,4
2020-01-25 03:00:00,1,7,3,0,0,2,13,18,3,1,3,1
2020-01-25 04:00:00,1,7,4,1,0,3,10,15,3,1,1,3
2020-01-25 05:00:00,1,7,5,0,1,3,10,16,3,2,0,0
2020-01-25 06:00:00,1,7,6,1,0,5,7,16,3,2,2,1
2020-01-25 07:00:00,1,7,7,0,0,1,4,10,3,3,0,3
2020-01-25 08:00:00,1,7,8,0,3,0,6,9,1,2,0,0
2020-01-25 09:00:00,1,7,9,2,3,0,5,7,3,1,0,0
2020-01-25 10:00:00,1,7,10,3,13,0,1,5,3,1,2,1
2020-01-25 11:00:00,1,7,11,3,3,3,12,5,3,1,1,1
2020-01-25 12:00:00,1,7,12,2,0,5,18,6,2,1,1,4
2020-01-25 13:00:00,1,7,13,1,0,2,18,5,3,1,0,3
2020-01-25 14:00:00,1,7,14,4,2,5,15,8,2,1,1,3
2020-01-25 15:00:00,1,7,15,6,0,6,19,11,4,1,3,1
2020-01-25 16:00:00,1,7,16,2,0,2,15,19,3,1,3,2
2020-01-25 17:00:00,1,7,17,10,3,2,13,17,2,1,4,4
2020-01-25 18:00:00,1,7,18,1,1,7,25,20,2,0,0,2
2020-01-25 19:00:00,1,7,19,1,1,3,24,18,3,1,3,7
2020-01-25 20:00:00,1,7,20,2,0,4,16,12,3,1,2,6
2020-01-25 21:00:00,1,7,21,3,3,1,18,12,2,1,1,4
2020-01-25 22:00:00,1,7,22,2,1,2,8,12,1,1,1,5
2020-01-25 23:00:00,1,7,23,1,1,3,10,9,2,1,1,4
2020-01-26 00:00:00,1,1,0,1,0,1,6,9,2,3,0,3
2020-01-26 01:00:00,1,1,1,1,0,3,4,10,1,3,0,1
2020-01-26 02:00:00,1,1,2,0,0,5,6,11,1,3,0,1
2020-01-26 03:00:00,1,1,3,1,0,1,5,13,0,3,0,3
2020-01-26 04:00:00,1,1,4,3,4,3,2,9,0,3,0,3
2020-01-26 05:00:00,1,1,5,1,0,4,2,12,2,3,0,0
2020-01-26 06:00:00,1,1,6,0,1,2,4,12,3,3,0,2
2020-01-26 07:00:00,1,1,7,1,0,3,4,10,2,3,0,1
2020-01-26 08:00:00,1,1,8,0,0,0,6,8,2,3,0,0
2020-01-26 09:00:00,1,1,9,2,4,2,6,7,1,3,0,1
2020-01-26 10:00:00,1,1,10,2,1,0,13,9,1,3,0,0
2020-01-26 11:00:00,1,1,11,7,8,2,11,6,2,3,0,0
2020-01-26 12:00:00,1,1,12,1,0,2,21,6,1,3,4,1
2020-01-26 13:00:00,1,1,13,0,2,6,20,8,2,3,1,1
2020-01-26 14:00:00,1,1,14,1,1,5,19,12,2,3,0,0
2020-01-26 15:00:00,1,1,15,5,4,2,7,15,3,3,3,4
2020-01-26 16:00:00,1,1,16,1,0,2,15,15,3,2,5,3
2020-01-26 17:00:00,1,1,17,1,0,2,9,14,2,3,4,2
2020-01-26 18:00:00,1,1,18,2,2,3,6,12,1,2,3,6
2020-01-26 19:00:00,1,1,19,1,0,5,11,16,0,2,3,1
2020-01-26 20:00:00,1,1,20,0,0,3,15,16,1,3,2,1
2020-01-26 21:00:00,1,1,21,3,1,4,10,9,2,3,4,3
2020-01-26 22:00:00,1,1,22,2,7,2,6,9,2,1,2,3
2020-01-26 23:00:00,1,1,23,2,1,1,12,12,0,1,4,5
2020-01-27 00:00:00,1,2,0,1,1,0,14,14,1,1,1,3
2020-01-27 01:00:00,1,2,1,2,1,2,10,8,1,2,2,2
2020-01-27 02:00:00,1,2,2,0,2,1,11,7,1,2,1,0
2020-01-27 03:00:00,1,2,3,1,0,2,6,6,0,2,0,2
2020-01-27 04:00:00,1,2,4,0,0,0,2,7,0,2,1,0
2020-01-27 05:00:00,1,2,5,1,1,1,0,6,0,2,1,2
2020-01-27 06:00:00,1,2,6,1,0,2,2,6,0,3,1,1
2020-01-27 07:00:00,1,2,7,1,0,2,3,6,2,2,3,1
2020-01-27 08:00:00,1,2,8,1,0,0,5,5,0,2,2,1
2020-01-27 09:00:00,1,2,9,1,2,3,10,6,0,2,0,1
2020-01-27 10:00:00,1,2,10,5,9,5,7,7,0,3,0,1
2020-01-27 11:00:00,1,2,11,10,4,4,14,10,0,3,2,2
2020-01-27 12:00:00,1,2,12,13,18,6,4,14,0,3,4,3
2020-01-27 13:00:00,1,2,13,6,8,7,30,16,3,2,4,6
2020-01-27 14:00:00,1,2,14,4,6,7,34,23,4,2,2,2
2020-01-27 15:00:00,1,2,15,2,4,10,27,19,4,2,0,9
2020-01-27 16:00:00,1,2,16,5,8,11,25,18,2,0,2,6
2020-01-27 17:00:00,1,2,17,3,10,8,20,22,2,0,8,4
2020-01-27 18:00:00,1,2,18,6,17,5,20,18,2,0,6,9
2020-01-27 19:00:00,1,2,19,5,5,6,38,13,3,0,5,4
2020-01-27 20:00:00,1,2,20,4,6,7,33,14,2,0,6,3
2020-01-27 21:00:00,1,2,21,0,12,6,27,17,2,0,5,3
2020-01-27 22:00:00,1,2,22,1,0,1,33,18,2,1,5,2
2020-01-27 23:00:00,1,2,23,2,6,3,23,14,2,1,9,6
2020-01-28 00:00:00,1,3,0,0,0,5,27,11,2,0,8,2
2020-01-28 01:00:00,1,3,1,1,1,4,19,12,1,0,9,5
2020-01-28 02:00:00,1,3,2,1,0,3,12,12,1,0,9,3
2020-01-28 03:00:00,1,3,3,2,0,1,7,11,1,0,7,1
2020-01-28 04:00:00,1,3,4,0,0,3,5,9,0,0,4,6
2020-01-28 05:00:00,1,3,5,2,0,2,4,6,1,0,3,1
2020-01-28 06:00:00,1,3,6,0,0,1,3,5,0,0,2,4
2020-01-28 07:00:00,1,3,7,0,0,1,3,5,0,0,4,1
2020-01-28 08:00:00,1,3,8,1,0,1,7,4,1,0,4,0
2020-01-28 09:00:00,1,3,9,1,0,1,8,3,2,0,3,2
2020-01-28 10:00:00,1,3,10,4,1,0,10,6,2,0,2,1
2020-01-28 11:00:00,1,3,11,1,2,5,22,8,2,1,1,0
2020-01-28 12:00:00,1,3,12,5,2,5,23,15,4,0,1,0
2020-01-28 13:00:00,1,3,13,4,5,6,15,22,4,0,1,1
2020-01-28 14:00:00,1,3,14,7,5,8,10,21,3,1,1,4
2020-01-28 15:00:00,1,3,15,2,6,8,19,21,4,0,5,3
2020-01-28 16:00:00,1,3,16,3,5,8,24,20,4,0,4,1
2020-01-28 17:00:00,1,3,17,3,11,5,13,22,4,1,4,4
2020-01-28 18:00:00,1,3,18,0,12,4,7,18,5,0,4,4
2020-01-28 19:00:00,1,3,19,1,3,6,19,19,3,0,2,7
2020-01-28 20:00:00,1,3,20,1,7,4,20,20,1,0,2,8
2020-01-28 21:00:00,1,3,21,5,7,7,20,17,1,0,5,5
2020-01-28 22:00:00,1,3,22,1,3,5,25,19,3,0,8,3
2020-01-28 23:00:00,1,3,23,0,3,8,21,18,3,0,11,2
2020-01-29 00:00:00,1,4,0,0,1,5,20,17,3,0,8,3
2020-01-29 01:00:00,1,4,1,3,1,3,16,17,2,1,9,4
2020-01-29 02:00:00,1,4,2,1,2,5,12,15,3,0,7,2
2020-01-29 03:00:00,1,4,3,0,1,2,9,14,4,0,5,3
2020-01-29 04:00:00,1,4,4,2,1,4,4,15,3,0,2,2
2020-01-29 05:00:00,1,4,5,0,2,2,0,17,2,0,2,4
2020-01-29 06:00:00,1,4,6,0,0,2,4,13,3,0,1,1
2020-01-29 07:00:00,1,4,7,0,2,3,3,12,1,0,0,2
2020-01-29 08:00:00,1,4,8,0,3,4,3,12,0,0,2,1
2020-01-29 09:00:00,1,4,9,1,0,3,13,12,0,0,6,0
2020-01-29 10:00:00,1,4,10,3,0,1,22,14,1,0,3,1
2020-01-29 11:00:00,1,4,11,3,13,5,28,12,2,0,0,3
2020-01-29 12:00:00,1,4,12,1,0,7,36,19,2,0,2,3
2020-01-29 13:00:00,1,4,13,6,1,5,40,22,4,1,3,3
2020-01-29 14:00:00,1,4,14,1,9,5,37,24,4,1,1,4
2020-01-29 15:00:00,1,4,15,5,4,7,41,24,4,1,2,4
2020-01-29 16:00:00,1,4,16,3,10,8,34,21,4,1,5,7
2020-01-29 17:00:00,1,4,17,4,3,10,39,21,5,0,5,4
2020-01-29 18:00:00,1,4,18,4,3,11,35,21,3,1,5,5
2020-01-29 19:00:00,1,4,19,3,4,7,34,20,4,1,3,6
2020-01-29 20:00:00,1,4,20,5,10,5,39,19,4,0,6,2
2020-01-29 21:00:00,1,4,21,1,11,11,30,26,5,1,9,1
2020-01-29 22:00:00,1,4,22,4,3,11,34,22,3,2,9,5
2020-01-29 23:00:00,1,4,23,2,3,6,33,24,5,2,9,4
2020-01-30 00:00:00,1,5,0,2,1,9,29,21,4,1,6,9
2020-01-30 01:00:00,1,5,1,0,1,9,26,21,3,0,6,3
2020-01-30 02:00:00,1,5,2,0,3,7,18,22,3,1,5,4
2020-01-30 03:00:00,1,5,3,1,0,5,15,18,2,1,5,4
2020-01-30 04:00:00,1,5,4,0,2,3,9,15,3,1,3,3
2020-01-30 05:00:00,1,5,5,1,1,4,6,15,2,1,2,1
2020-01-30 06:00:00,1,5,6,0,1,3,4,15,2,1,1,1
2020-01-30 07:00:00,1,5,7,1,1,3,5,16,3,1,1,0
2020-01-30 08:00:00,1,5,8,1,0,1,7,16,4,1,1,0
2020-01-30 09:00:00,1,5,9,0,1,3,10,14,4,1,2,1
2020-01-30 10:00:00,1,5,10,5,1,5,11,16,4,1,3,1
2020-01-30 11:00:00,1,5,11,3,9,7,9,18,4,1,4,0
2020-01-30 12:00:00,1,5,12,3,2,10,19,22,3,1,1,2
2020-01-30 13:00:00,1,5,13,3,3,6,16,27,3,0,1,3
2020-01-30 14:00:00,1,5,14,5,0,7,32,23,4,1,0,4
2020-01-30 15:00:00,1,5,15,6,4,10,44,19,3,1,4,2
2020-01-30 16:00:00,1,5,16,6,9,6,38,28,5,0,6,2
2020-01-30 17:00:00,1,5,17,4,15,9,32,25,5,0,6,5
2020-01-30 18:00:00,1,5,18,5,11,13,29,25,4,1,6,5
2020-01-30 19:00:00,1,5,19,8,3,12,43,23,3,1,5,5
2020-01-30 20:00:00,1,5,20,2,3,14,42,24,4,1,4,1
2020-01-30 21:00:00,1,5,21,3,3,7,44,18,4,2,3,7
2020-01-30 22:00:00,1,5,22,2,8,6,34,16,5,2,2,5
2020-01-30 23:00:00,1,5,23,1,16,8,24,18,2,1,2,5
2020-01-31 00:00:00,1,6,0,1,1,7,36,18,3,1,2,5
2020-01-31 01:00:00,1,6,1,1,3,7,31,16,4,1,4,2
2020-01-31 02:00:00,1,6,2,0,2,6,29,17,3,1,2,0
2020-01-31 03:00:00,1,6,3,0,1,5,19,19,3,1,2,3
2020-01-31 04:00:00,1,6,4,0,3,3,10,19,2,1,1,1
2020-01-31 05:00:00,1,6,5,1,4,1,5,17,1,1,3,1
2020-01-31 06:00:00,1,6,6,0,0,0,4,14,0,1,3,4
2020-01-31 07:00:00,1,6,7,1,1,1,3,12,0,1,1,0
2020-01-31 08:00:00,1,6,8,1,0,0,10,9,0,1,2,1
2020-01-31 09:00:00,1,6,9,1,4,1,8,8,1,1,3,2
2020-01-31 10:00:00,1,6,10,3,7,1,8,8,0,2,4,1
2020-01-31 11:00:00,1,6,11,3,6,3,22,8,2,2,3,0
2020-01-31 12:00:00,1,6,12,5,13,4,21,12,3,2,6,0
2020-01-31 13:00:00,1,6,13,2,11,9,22,17,3,0,4,1
2020-01-31 14:00:00,1,6,14,2,24,11,13,19,3,0,6,3
2020-01-31 15:00:00,1,6,15,3,11,14,23,23,1,0,13,1
2020-01-31 16:00:00,1,6,16,2,17,8,26,21,2,0,10,3
2020-01-31 17:00:00,1,6,17,1,17,6,19,17,4,1,10,5
2020-01-31 18:00:00,1,6,18,3,16,8,19,19,4,1,4,3
2020-01-31 19:00:00,1,6,19,3,12,9,18,19,5,2,4,3
2020-01-31 20:00:00,1,6,20,2,18,9,17,19,2,1,6,5
2020-01-31 21:00:00,1,6,21,3,5,9,25,20,3,3,1,2
2020-01-31 22:00:00,1,6,22,0,3,10,34,23,2,3,0,2
2020-01-31 23:00:00,1,6,23,3,4,12,29,21,3,1,0,3
2020-02-01 00:00:00,2,7,0,2,2,12,30,23,4,1,3,3
2020-02-01 01:00:00,2,7,1,0,0,4,29,26,5,1,3,2
2020-02-01 02:00:00,2,7,2,1,0,4,25,23,4,2,4,5
2020-02-01 03:00:00,2,7,3,0,0,4,21,20,4,1,4,4
2020-02-01 04:00:00,2,7,4,6,1,2,21,22,4,1,3,3
2020-02-01 05:00:00,2,7,5,2,1,6,14,20,2,3,2,2
2020-02-01 06:00:00,2,7,6,2,3,3,12,20,4,3,2,0
2020-02-01 07:00:00,2,7,7,0,1,3,13,21,3,3,1,2
2020-02-01 08:00:00,2,7,8,2,1,3,6,22,2,2,1,0
2020-02-01 09:00:00,2,7,9,0,1,6,8,17,2,1,1,0
2020-02-01 10:00:00,2,7,10,1,0,7,7,16,1,1,1,4
2020-02-01 11:00:00,2,7,11,0,0,3,10,15,1,0,3,4
2020-02-01 12:00:00,2,7,12,0,1,6,15,15,2,1,3,4
2020-02-01 13:00:00,2,7,13,2,0,8,15,15,4,0,2,4
2020-02-01 14:00:00,2,7,14,1,0,6,18,17,4,0,4,3
2020-02-01 15:00:00,2,7,15,1,0,8,19,15,4,0,0,2
2020-02-01 16:00:00,2,7,16,1,0,2,17,18,4,0,1,2
2020-02-01 17:00:00,2,7,17,2,0,4,22,18,4,0,2,2
2020-02-01 18:00:00,2,7,18,4,0,4,27,17,4,1,1,5
2020-02-01 19:00:00,2,7,19,1,0,6,35,16,4,1,3,6
2020-02-01 20:00:00,2,7,20,1,0,5,32,22,3,1,2,2
2020-02-01 21:00:00,2,7,21,2,5,7,16,17,1,1,5,6
2020-02-01 22:00:00,2,7,22,1,8,4,12,23,3,0,3,2
2020-02-01 23:00:00,2,7,23,2,3,7,11,18,3,1,6,3
2020-02-02 00:00:00,2,1,0,3,2,5,8,16,4,0,4,6
2020-02-02 01:00:00,2,1,1,3,1,6,8,15,4,0,6,5
2020-02-02 02:00:00,2,1,2,1,0,2,7,18,3,0,2,4
2020-02-02 03:00:00,2,1,3,0,3,5,3,19,2,0,1,2
2020-02-02 04:00:00,2,1,4,2,0,5,5,16,3,0,0,4
2020-02-02 05:00:00,2,1,5,0,0,4,4,16,1,1,0,2
2020-02-02 06:00:00,2,1,6,2,0,1,3,13,1,1,0,0
2020-02-02 07:00:00,2,1,7,1,1,1,2,13,2,1,0,0
2020-02-02 08:00:00,2,1,8,2,1,2,5,12,2,1,0,1
2020-02-02 09:00:00,2,1,9,1,1,1,7,9,3,1,2,1
2020-02-02 10:00:00,2,1,10,2,0,2,13,9,2,0,2,2
2020-02-02 11:00:00,2,1,11,2,0,0,17,11,1,1,4,1
2020-02-02 12:00:00,2,1,12,2,8,3,17,9,2,1,2,4
2020-02-02 13:00:00,2,1,13,1,0,6,29,11,3,1,0,4
2020-02-02 14:00:00,2,1,14,4,0,2,28,13,3,2,3,4
2020-02-02 15:00:00,2,1,15,2,0,7,29,16,3,2,2,1
2020-02-02 16:00:00,2,1,16,1,0,6,32,20,2,2,2,3
2020-02-02 17:00:00,2,1,17,5,0,9,25,21,4,2,1,1
2020-02-02 18:00:00,2,1,18,1,1,9,28,21,3,2,4,4
2020-02-02 19:00:00,2,1,19,2,0,9,23,23,4,2,5,4
2020-02-02 20:00:00,2,1,20,3,0,5,21,24,4,2,1,8
2020-02-02 21:00:00,2,1,21,2,0,14,21,22,4,1,2,5
2020-02-02 22:00:00,2,1,22,4,5,6,19,24,4,1,1,3
2020-02-02 23:00:00,2,1,23,2,16,4,15,24,5,0,1,6
2020-02-03 00:00:00,2,2,0,2,9,1,21,19,3,0,1,6
2020-02-03 01:00:00,2,2,1,1,8,5,16,17,3,0,0,3
2020-02-03 02:00:00,2,2,2,0,2,5,12,16,0,0,1,6
2020-02-03 03:00:00,2,2,3,1,1,0,6,16,0,0,2,0
2020-02-03 04:00:00,2,2,4,1,0,0,3,14,0,0,3,1
2020-02-03 05:00:00,2,2,5,0,0,0,3,9,0,0,1,3
2020-02-03 06:00:00,2,2,6,0,1,0,1,6,0,0,1,1
2020-02-03 07:00:00,2,2,7,1,0,1,3,6,0,0,1,1
2020-02-03 08:00:00,2,2,8,1,0,2,5,5,0,2,0,1
2020-02-03 09:00:00,2,2,9,2,0,2,0,6,0,2,11,2
2020-02-03 10:00:00,2,2,10,3,2,3,8,6,0,0,13,0
2020-02-03 11:00:00,2,2,11,4,4,10,14,6,0,0,11,3
2020-02-03 12:00:00,2,2,12,5,9,6,16,13,1,0,15,1
2020-02-03 13:00:00,2,2,13,5,12,10,8,14,1,1,17,3
2020-02-03 14:00:00,2,2,14,9,8,10,18,16,2,1,18,4
2020-02-03 15:00:00,2,2,15,8,0,6,37,17,5,2,20,7
2020-02-03 16:00:00,2,2,16,3,9,9,26,21,5,2,19,3
2020-02-03 17:00:00,2,2,17,5,14,13,29,23,5,1,16,6
2020-02-03 18:00:00,2,2,18,5,8,10,48,22,4,1,12,8
2020-02-03 19:00:00,2,2,19,3,1,12,40,21,3,1,18,9
2020-02-03 20:00:00,2,2,20,0,0,9,38,25,3,1,21,3
2020-02-03 21:00:00,2,2,21,0,1,5,32,25,5,1,17,3
2020-02-03 22:00:00,2,2,22,2,0,5,26,23,6,1,17,3
2020-02-03 23:00:00,2,2,23,1,0,10,19,24,5,2,17,3
2020-02-04 00:00:00,2,3,0,2,1,9,23,24,4,2,14,3
2020-02-04 01:00:00,2,3,1,0,0,7,15,21,4,2,14,4
2020-02-04 02:00:00,2,3,2,0,0,2,4,24,4,1,10,3
2020-02-04 03:00:00,2,3,3,0,0,5,0,23,2,1,6,2
2020-02-04 04:00:00,2,3,4,0,3,2,2,18,2,2,3,2
2020-02-04 05:00:00,2,3,5,0,0,0,4,17,3,1,3,2
2020-02-04 06:00:00,2,3,6,1,0,2,0,14,3,1,6,1
2020-02-04 07:00:00,2,3,7,0,1,1,0,17,3,1,5,0
2020-02-04 08:00:00,2,3,8,0,0,0,4,17,3,1,4,0
2020-02-04 09:00:00,2,3,9,4,0,1,0,16,1,1,7,2
2020-02-04 10:00:00,2,3,10,4,6,1,4,16,2,1,8,0
2020-02-04 11:00:00,2,3,11,4,10,3,13,15,3,0,11,2
2020-02-04 12:00:00,2,3,12,4,0,2,22,15,3,0,14,5
2020-02-04 13:00:00,2,3,13,4,10,5,18,18,2,0,9,3
2020-02-04 14:00:00,2,3,14,5,10,7,24,20,2,0,14,4
2020-02-04 15:00:00,2,3,15,5,12,1,28,20,4,1,12,3
2020-02-04 16:00:00,2,3,16,3,2,4,36,23,4,0,10,3
2020-02-04 17:00:00,2,3,17,2,9,4,25,25,4,0,15,5
2020-02-04 18:00:00,2,3,18,3,12,8,19,21,4,0,10,4
2020-02-04 19:00:00,2,3,19,1,11,14,19,16,5,0,10,8
2020-02-04 20:00:00,2,3,20,3,3,12,25,20,2,1,12,4
2020-02-04 21:00:00,2,3,21,2,10,10,24,20,3,1,9,5
2020-02-04 22:00:00,2,3,22,6,14,8,19,19,5,2,7,5
2020-02-04 23:00:00,2,3,23,1,19,8,8,20,4,1,19,2
2020-02-05 00:00:00,2,4,0,1,20,3,2,20,3,3,19,5
2020-02-05 01:00:00,2,4,1,0,1,3,19,16,2,3,16,3
2020-02-05 02:00:00,2,4,2,1,5,3,10,15,3,2,18,2
2020-02-05 03:00:00,2,4,3,0,1,4,1,12,2,2,14,6
2020-02-05 04:00:00,2,4,4,0,2,3,2,10,2,2,12,3
2020-02-05 05:00:00,2,4,5,1,1,3,2,9,2,2,5,2
2020-02-05 06:00:00,2,4,6,0,0,2,0,11,3,2,5,0
2020-02-05 07:00:00,2,4,7,1,0,1,0,14,3,2,4,0
2020-02-05 08:00:00,2,4,8,1,1,3,0,14,3,2,2,1
2020-02-05 09:00:00,2,4,9,2,2,3,0,13,3,2,8,2
2020-02-05 10:00:00,2,4,10,0,0,3,3,13,3,3,12,0
2020-02-05 11:00:00,2,4,11,0,0,5,2,13,3,3,14,2
2020-02-05 12:00:00,2,4,12,3,0,5,3,14,1,3,11,6
2020-02-05 13:00:00,2,4,13,1,0,8,9,15,3,3,8,1
2020-02-05 14:00:00,2,4,14,4,0,5,19,20,2,1,16,1
2020-02-05 15:00:00,2,4,15,3,0,11,18,23,2,1,11,11
2020-02-05 16:00:00,2,4,16,3,0,11,15,24,2,3,12,4
2020-02-05 17:00:00,2,4,17,3,0,3,21,27,4,3,10,3
2020-02-05 18:00:00,2,4,18,3,0,4,18,25,4,3,11,5
2020-02-05 19:00:00,2,4,19,3,0,4,23,16,3,3,10,7
2020-02-05 20:00:00,2,4,20,2,0,5,27,15,4,3,8,3
2020-02-05 21:00:00,2,4,21,1,6,7,22,14,3,3,10,1
2020-02-05 22:00:00,2,4,22,1,11,5,19,18,3,2,13,1
2020-02-05 23:00:00,2,4,23,1,3,2,15,18,2,1,16,5
2020-02-06 00:00:00,2,5,0,4,3,2,11,17,2,1,12,1
2020-02-06 01:00:00,2,5,1,0,0,7,4,16,2,0,12,4
2020-02-06 02:00:00,2,5,2,0,1,3,1,16,0,0,9,4
2020-02-06 03:00:00,2,5,3,0,0,1,1,14,2,1,8,3
2020-02-06 04:00:00,2,5,4,0,0,3,0,9,1,1,5,3
2020-02-06 05:00:00,2,5,5,1,0,2,0,11,1,1,5,0
2020-02-06 06:00:00,2,5,6,0,0,3,1,9,1,0,4,2
2020-02-06 07:00:00,2,5,7,0,3,1,0,7,2,0,5,1
2020-02-06 08:00:00,2,5,8,1,0,3,5,5,2,1,6,0
2020-02-06 09:00:00,2,5,9,2,0,0,6,7,3,1,12,1
2020-02-06 10:00:00,2,5,10,3,6,4,2,5,5,1,11,0
2020-02-06 11:00:00,2,5,11,0,3,3,7,12,3,1,10,3
2020-02-06 12:00:00,2,5,12,3,4,4,7,11,4,2,11,2
2020-02-06 13:00:00,2,5,13,2,8,3,8,13,3,3,15,2
2020-02-06 14:00:00,2,5,14,5,16,3,5,17,3,1,14,2
2020-02-06 15:00:00,2,5,15,5,6,6,25,21,3,1,12,5
2020-02-06 16:00:00,2,5,16,4,2,6,37,23,4,0,8,4
2020-02-06 17:00:00,2,5,17,4,3,4,38,22,4,0,11,1
2020-02-06 18:00:00,2,5,18,3,18,7,28,24,2,1,15,9
2020-02-06 19:00:00,2,5,19,5,2,13,34,18,4,1,12,7
2020-02-06 20:00:00,2,5,20,3,3,10,38,20,5,2,7,5
2020-02-06 21:00:00,2,5,21,3,17,8,27,21,5,2,11,4
2020-02-06 22:00:00,2,5,22,2,4,9,27,20,3,2,12,10
2020-02-06 23:00:00,2,5,23,1,8,10,29,23,4,2,7,2
2020-02-07 00:00:00,2,6,0,2,1,8,30,23,4,2,5,3
2020-02-07 01:00:00,2,6,1,0,0,3,23,22,3,1,6,3
2020-02-07 02:00:00,2,6,2,1,3,5,15,19,3,1,8,4
2020-02-07 03:00:00,2,6,3,1,0,5,9,15,3,3,8,4
2020-02-07 04:00:00,2,6,4,0,0,4,1,16,3,3,9,1
2020-02-07 05:00:00,2,6,5,0,0,1,2,14,4,1,6,3
2020-02-07 06:00:00,2,6,6,0,1,2,0,12,3,0,4,3
2020-02-07 07:00:00,2,6,7,0,3,0,2,10,2,1,3,2
2020-02-07 08:00:00,2,6,8,1,1,1,3,10,1,1,4,2
2020-02-07 09:00:00,2,6,9,0,1,2,1,7,0,1,9,1
2020-02-07 10:00:00,2,6,10,3,3,7,2,4,0,1,10,2
2020-02-07 11:00:00,2,6,11,3,0,6,11,10,3,1,12,4
2020-02-07 12:00:00,2,6,12,2,0,11,7,15,2,1,13,3
2020-02-07 13:00:00,2,6,13,5,16,8,5,20,4,1,13,5
2020-02-07 14:00:00,2,6,14,2,2,10,20,24,4,1,10,5
2020-02-07 15:00:00,2,6,15,3,1,11,27,23,4,1,12,1
2020-02-07 16:00:00,2,6,16,4,3,15,26,20,4,2,15,6
2020-02-07 17:00:00,2,6,17,4,1,13,25,22,4,1,19,2
2020-02-07 18:00:00,2,6,18,4,7,14,33,18,4,3,10,10
2020-02-07 19:00:00,2,6,19,1,3,12,44,16,4,3,10,6
2020-02-07 20:00:00,2,6,20,2,5,11,33,18,4,3,8,4
2020-02-07 21:00:00,2,6,21,2,6,8,37,22,5,3,8,1
2020-02-07 22:00:00,2,6,22,4,1,10,26,22,5,2,9,6
2020-02-07 23:00:00,2,6,23,4,6,9,23,21,4,2,8,7
2020-02-08 00:00:00,2,7,0,2,4,12,18,20,4,2,7,0
2020-02-08 01:00:00,2,7,1,0,1,6,18,16,3,2,7,7
2020-02-08 02:00:00,2,7,2,0,2,7,8,18,3,1,9,1
2020-02-08 03:00:00,2,7,3,4,1,5,3,19,3,1,5,4
2020-02-08 04:00:00,2,7,4,1,0,6,2,21,3,1,7,1
2020-02-08 05:00:00,2,7,5,0,1,1,3,22,3,1,4,5
2020-02-08 06:00:00,2,7,6,1,0,3,1,19,3,1,1,0
2020-02-08 07:00:00,2,7,7,1,2,4,1,14,0,1,1,2
2020-02-08 08:00:00,2,7,8,1,4,1,3,11,0,1,0,1
2020-02-08 09:00:00,2,7,9,3,0,2,5,11,0,0,1,2
2020-02-08 10:00:00,2,7,10,2,1,3,3,11,0,1,1,2
2020-02-08 11:00:00,2,7,11,2,3,5,2,11,0,1,7,1
2020-02-08 12:00:00,2,7,12,3,4,5,9,11,0,0,3,1
2020-02-08 13:00:00,2,7,13,1,1,7,9,8,1,0,5,3
2020-02-08 14:00:00,2,7,14,2,5,5,15,10,2,0,5,3
2020-02-08 15:00:00,2,7,15,1,0,2,17,9,3,0,0,6
2020-02-08 16:00:00,2,7,16,6,0,4,18,8,3,0,0,3
2020-02-08 17:00:00,2,7,17,2,0,9,24,11,2,0,2,0
2020-02-08 18:00:00,2,7,18,1,1,8,17,14,2,0,2,1
2020-02-08 19:00:00,2,7,19,4,6,4,11,17,2,0,2,0
2020-02-08 20:00:00,2,7,20,4,3,3,18,17,1,0,1,5
2020-02-08 21:00:00,2,7,21,3,5,8,15,12,4,0,7,2
2020-02-08 22:00:00,2,7,22,1,14,8,9,19,4,0,6,5
2020-02-08 23:00:00,2,7,23,2,3,5,23,20,3,0,4,4
2020-02-09 00:00:00,2,1,0,4,1,5,22,21,2,0,0,4
2020-02-09 01:00:00,2,1,1,0,6,7,12,14,2,0,2,3
2020-02-09 02:00:00,2,1,2,1,0,4,8,20,1,0,2,1
2020-02-09 03:00:00,2,1,3,0,0,1,5,16,2,1,4,3
2020-02-09 04:00:00,2,1,4,0,1,0,2,13,2,1,1,1
2020-02-09 05:00:00,2,1,5,0,1,2,1,10,0,1,0,4
2020-02-09 06:00:00,2,1,6,0,1,3,1,10,1,1,1,0
2020-02-09 07:00:00,2,1,7,0,1,3,0,10,1,1,1,1
2020-02-09 08:00:00,2,1,8,1,0,6,0,9,3,1,0,0
2020-02-09 09:00:00,2,1,9,0,1,2,3,9,2,2,1,2
2020-02-09 10:00:00,2,1,10,1,3,1,2,8,1,3,1,1
2020-02-09 11:00:00,2,1,11,2,0,2,11,8,1,3,0,1
2020-02-09 12:00:00,2,1,12,1,4,3,4,11,0,3,4,1
2020-02-09 13:00:00,2,1,13,0,0,0,13,11,2,2,5,1
2020-02-09 14:00:00,2,1,14,4,2,1,14,11,2,2,5,2
2020-02-09 15:00:00,2,1,15,2,0,2,15,7,1,3,3,8
2020-02-09 16:00:00,2,1,16,3,0,2,9,8,1,3,5,1
2020-02-09 17:00:00,2,1,17,3,2,2,12,10,2,3,3,6
2020-02-09 18:00:00,2,1,18,1,3,4,7,6,4,2,5,3
2020-02-09 19:00:00,2,1,19,0,4,4,4,8,2,1,8,6
2020-02-09 20:00:00,2,1,20,1,2,4,10,10,2,1,3,2
2020-02-09 21:00:00,2,1,21,7,0,1,9,13,2,1,2,2
2020-02-09 22:00:00,2,1,22,1,3,6,6,16,1,1,1,3
2020-02-09 23:00:00,2,1,23,2,0,0,9,11,2,1,3,3
2020-02-10 00:00:00,2,2,0,0,0,1,8,11,2,2,2,1
2020-02-10 01:00:00,2,2,1,0,0,1,6,7,1,1,2,2
2020-02-10 02:00:00,2,2,2,1,0,2,3,7,0,2,2,3
2020-02-10 03:00:00,2,2,3,2,0,1,1,9,0,2,2,2
2020-02-10 04:00:00,2,2,4,1,0,0,3,7,1,2,1,0
2020-02-10 05:00:00,2,2,5,2,0,0,3,6,1,1,2,1
2020-02-10 06:00:00,2,2,6,0,1,1,0,4,2,1,1,2
2020-02-10 07:00:00,2,2,7,1,1,1,0,5,2,1,0,1
2020-02-10 08:00:00,2,2,8,0,1,2,3,5,0,1,0,1
2020-02-10 09:00:00,2,2,9,0,0,3,6,8,0,1,2,1
2020-02-10 10:00:00,2,2,10,4,8,1,1,8,0,2,6,1
2020-02-10 11:00:00,2,2,11,3,3,4,16,9,1,2,8,5
2020-02-10 12:00:00,2,2,12,2,0,5,15,17,2,1,8,3
2020-02-10 13:00:00,2,2,13,2,1,3,17,20,2,1,9,3
2020-02-10 14:00:00,2,2,14,4,3,5,7,20,2,2,12,4
2020-02-10 15:00:00,2,2,15,2,7,4,7,24,1,2,12,5
2020-02-10 16:00:00,2,2,16,4,1,8,18,23,2,0,9,4
2020-02-10 17:00:00,2,2,17,3,1,2,16,20,2,0,11,7
2020-02-10 18:00:00,2,2,18,8,0,3,19,18,3,0,11,5
2020-02-10 19:00:00,2,2,19,1,9,5,10,14,3,0,5,6
2020-02-10 20:00:00,2,2,20,1,0,4,16,19,2,1,6,3
2020-02-10 21:00:00,2,2,21,1,3,8,6,15,2,1,2,4
2020-02-10 22:00:00,2,2,22,4,1,1,12,14,3,1,2,2
2020-02-10 23:00:00,2,2,23,1,0,8,9,15,3,1,2,4
2020-02-11 00:00:00,2,3,0,2,0,4,11,16,1,1,3,5
2020-02-11 01:00:00,2,3,1,1,0,5,12,14,1,2,5,3
2020-02-11 02:00:00,2,3,2,1,1,2,10,17,0,2,4,1
2020-02-11 03:00:00,2,3,3,1,1,2,6,10,1,2,4,2
2020-02-11 04:00:00,2,3,4,1,0,2,5,9,1,1,3,0
2020-02-11 05:00:00,2,3,5,1,1,1,6,8,2,1,2,1
2020-02-11 06:00:00,2,3,6,0,1,2,3,7,1,1,0,2
2020-02-11 07:00:00,2,3,7,0,4,2,2,8,1,0,1,0
2020-02-11 08:00:00,2,3,8,0,0,2,7,5,0,1,3,3
2020-02-11 09:00:00,2,3,9,3,4,1,12,5,0,1,5,2
2020-02-11 10:00:00,2,3,10,1,0,4,21,5,1,2,5,1
2020-02-11 11:00:00,2,3,11,3,5,8,14,6,1,1,9,3
2020-02-11 12:00:00,2,3,12,5,1,6,15,14,3,1,12,2
2020-02-11 13:00:00,2,3,13,5,2,6,25,18,4,1,9,3
2020-02-11 14:00:00,2,3,14,7,7,8,27,18,4,1,12,5
2020-02-11 15:00:00,2,3,15,2,18,9,12,18,3,3,20,4
2020-02-11 16:00:00,2,3,16,1,7,9,24,18,4,2,21,4
2020-02-11 17:00:00,2,3,17,2,1,9,26,18,3,2,11,8
2020-02-11 18:00:00,2,3,18,2,1,5,28,25,5,2,7,4
2020-02-11 19:00:00,2,3,19,2,5,9,30,23,4,2,7,2
2020-02-11 20:00:00,2,3,20,4,3,8,33,19,5,2,4,4
2020-02-11 21:00:00,2,3,21,3,8,6,26,23,4,2,9,5
2020-02-11 22:00:00,2,3,22,2,1,7,31,24,5,1,8,1
2020-02-11 23:00:00,2,3,23,2,9,5,25,22,5,0,9,6
2020-02-12 00:00:00,2,4,0,0,6,8,24,21,5,0,9,4
2020-02-12 01:00:00,2,4,1,2,8,10,17,18,4,0,8,6
2020-02-12 02:00:00,2,4,2,0,0,10,22,20,4,0,7,3
2020-02-12 03:00:00,2,4,3,0,0,6,19,26,4,1,6,1
2020-02-12 04:00:00,2,4,4,0,0,5,18,24,4,1,6,0
2020-02-12 05:00:00,2,4,5,0,1,6,7,17,4,1,4,4
2020-02-12 06:00:00,2,4,6,1,1,6,3,12,2,1,4,4
2020-02-12 07:00:00,2,4,7,0,2,4,0,15,1,1,5,1
2020-02-12 08:00:00,2,4,8,0,2,0,0,13,1,1,5,5
2020-02-12 09:00:00,2,4,9,2,3,0,0,11,1,2,4,2
2020-02-12 10:00:00,2,4,10,2,13,3,0,10,2,2,6,2
2020-02-12 11:00:00,2,4,11,2,5,2,2,12,3,2,12,1
2020-02-12 12:00:00,2,4,12,4,4,3,3,16,3,2,11,3
2020-02-12 13:00:00,2,4,13,4,8,7,2,16,3,1,8,7
2020-02-12 14:00:00,2,4,14,4,10,6,3,18,4,1,9,5
2020-02-12 15:00:00,2,4,15,5,24,6,4,23,4,1,8,5
2020-02-12 16:00:00,2,4,16,2,8,6,19,27,3,1,8,3
2020-02-12 17:00:00,2,4,17,6,5,7,28,24,3,1,6,6
2020-02-12 18:00:00,2,4,18,2,12,7,27,21,3,1,6,9
2020-02-12 19:00:00,2,4,19,2,9,2,37,21,3,1,6,5
2020-02-12 20:00:00,2,4,20,0,0,5,42,14,2,1,4,6
2020-02-12 21:00:00,2,4,21,1,8,3,30,15,1,1,6,5
2020-02-12 22:00:00,2,4,22,2,7,1,23,17,3,1,7,3
2020-02-12 23:00:00,2,4,23,0,6,4,14,18,2,0,5,4
2020-02-13 00:00:00,2,5,0,1,1,0,16,20,2,0,2,6
2020-02-13 01:00:00,2,5,1,2,0,2,8,19,2,0,1,4
2020-02-13 02:00:00,2,5,2,0,0,2,6,20,2,1,1,2
2020-02-13 03:00:00,2,5,3,0,0,0,1,16,2,2,2,2
2020-02-13 04:00:00,2,5,4,0,2,1,1,13,2,1,0,4
2020-02-13 05:00:00,2,5,5,0,0,1,0,10,3,1,0,3
2020-02-13 06:00:00,2,5,6,0,0,0,1,6,1,2,0,4
2020-02-13 07:00:00,2,5,7,0,2,0,2,4,1,2,1,2
2020-02-13 08:00:00,2,5,8,0,1,0,6,4,1,1,0,0
2020-02-13 09:00:00,2,5,9,2,1,3,4,3,0,1,7,1
2020-02-13 10:00:00,2,5,10,3,7,3,9,8,1,1,5,0
2020-02-13 11:00:00,2,5,11,3,7,6,7,7,3,1,6,4
2020-02-13 12:00:00,2,5,12,2,0,5,15,10,2,1,5,1
2020-02-13 13:00:00,2,5,13,4,8,3,4,14,4,1,8,2
2020-02-13 14:00:00,2,5,14,1,17,6,4,15,3,0,10,1
2020-02-13 15:00:00,2,5,15,4,15,7,9,15,3,0,7,2
2020-02-13 16:00:00,2,5,16,1,24,6,2,21,4,0,3,3
2020-02-13 17:00:00,2,5,17,4,24,8,9,22,4,0,5,4
2020-02-13 18:00:00,2,5,18,5,9,6,18,22,4,0,4,4
2020-02-13 19:00:00,2,5,19,2,22,8,10,18,4,0,2,10
2020-02-13 20:00:00,2,5,20,1,9,8,24,24,4,0,1,3
2020-02-13 21:00:00,2,5,21,3,4,14,11,23,4,2,4,3
2020-02-13 22:00:00,2,5,22,3,2,11,4,22,4,2,9,8
2020-02-13 23:00:00,2,5,23,0,0,4,15,20,3,2,3,5
2020-02-14 00:00:00,2,6,0,1,3,4,11,16,4,1,3,4
2020-02-14 01:00:00,2,6,1,0,0,3,9,12,3,1,0,4
2020-02-14 02:00:00,2,6,2,1,0,2,8,12,1,1,1,2
2020-02-14 03:00:00,2,6,3,2,0,1,4,10,1,1,2,1
2020-02-14 04:00:00,2,6,4,0,0,1,4,7,1,1,3,3
2020-02-14 05:00:00,2,6,5,1,0,3,3,1,0,2,4,4
2020-02-14 06:00:00,2,6,6,1,0,1,5,3,0,1,2,0
2020-02-14 07:00:00,2,6,7,1,1,0,3,4,1,0,1,0
2020-02-14 08:00:00,2,6,8,1,1,2,6,2,2,1,0,1
2020-02-14 09:00:00,2,6,9,1,0,1,5,4,2,1,3,0
2020-02-14 10:00:00,2,6,10,2,6,3,4,6,2,1,2,0
2020-02-14 11:00:00,2,6,11,4,0,4,10,8,2,1,0,1
2020-02-14 12:00:00,2,6,12,1,1,3,18,10,2,0,0,1
2020-02-14 13:00:00,2,6,13,4,4,5,23,14,2,0,2,3
2020-02-14 14:00:00,2,6,14,3,7,6,24,18,3,0,3,3
2020-02-14 15:00:00,2,6,15,4,8,5,26,24,3,0,5,0
2020-02-14 16:00:00,2,6,16,3,3,2,33,22,3,0,2,3
2020-02-14 17:00:00,2,6,17,1,2,6,30,21,3,0,2,3
2020-02-14 18:00:00,2,6,18,4,4,3,28,14,5,0,3,5
2020-02-14 19:00:00,2,6,19,2,7,4,27,14,4,0,3,4
2020-02-14 20:00:00,2,6,20,3,0,4,35,15,4,0,3,5
2020-02-14 21:00:00,2,6,21,2,9,5,28,16,4,0,4,0
2020-02-14 22:00:00,2,6,22,3,15,2,17,14,4,1,7,6
2020-02-14 23:00:00,2,6,23,4,2,8,19,12,2,1,13,6
2020-02-15 00:00:00,2,7,0,1,0,3,17,12,3,1,11,4
2020-02-15 01:00:00,2,7,1,2,1,2,12,17,2,1,8,2
2020-02-15 02:00:00,2,7,2,1,0,2,9,19,2,1,5,1
2020-02-15 03:00:00,2,7,3,4,3,3,6,18,2,1,3,4
2020-02-15 04:00:00,2,7,4,3,2,1,9,13,2,1,4,2
2020-02-15 05:00:00,2,7,5,1,0,5,9,10,2,2,4,3
2020-02-15 06:00:00,2,7,6,2,0,5,7,7,0,2,4,1
2020-02-15 07:00:00,2,7,7,0,0,4,6,10,2,2,3,0
2020-02-15 08:00:00,2,7,8,2,0,2,5,10,1,2,2,1
2020-02-15 09:00:00,2,7,9,2,3,1,2,11,1,2,1,1
2020-02-15 10:00:00,2,7,10,2,2,0,3,11,1,2,1,0
2020-02-15 11:00:00,2,7,11,2,1,3,8,12,1,2,1,1
2020-02-15 12:00:00,2,7,12,3,2,5,14,12,0,1,1,2
2020-02-15 13:00:00,2,7,13,0,1,3,23,12,0,1,5,1
2020-02-15 14:00:00,2,7,14,1,2,2,13,14,2,1,4,0
2020-02-15 15:00:00,2,7,15,2,0,4,18,10,3,1,3,4
2020-02-15 16:00:00,2,7,16,3,1,1,27,10,1,1,3,5
2020-02-15 17:00:00,2,7,17,3,1,2,18,13,1,0,7,2
2020-02-15 18:00:00,2,7,18,2,0,2,20,16,1,0,5,1
2020-02-15 19:00:00,2,7,19,4,0,3,21,17,1,1,6,2
2020-02-15 20:00:00,2,7,20,2,7,4,11,16,2,1,4,3
2020-02-15 21:00:00,2,7,21,1,4,2,6,16,3,0,6,5
2020-02-15 22:00:00,2,7,22,0,2,5,6,15,3,0,7,3
2020-02-15 23:00:00,2,7,23,2,5,4,3,18,3,0,7,2
2020-02-16 00:00:00,2,1,0,1,7,5,5,21,3,0,5,1
2020-02-16 01:00:00,2,1,1,1,6,1,3,19,3,0,3,3
2020-02-16 02:00:00,2,1,2,3,8,1,1,13,3,0,3,4
2020-02-16 03:00:00,2,1,3,1,0,2,7,11,2,1,5,0
2020-02-16 04:00:00,2,1,4,1,1,1,5,11,2,1,3,2
2020-02-16 05:00:00,2,1,5,0,0,1,2,11,2,0,2,3
2020-02-16 06:00:00,2,1,6,1,0,1,1,5,2,0,4,1
2020-02-16 07:00:00,2,1,7,0,1,4,0,4,2,0,2,0
2020-02-16 08:00:00,2,1,8,1,1,0,0,8,2,0,1,0
2020-02-16 09:00:00,2,1,9,1,0,2,4,9,2,0,0,0
2020-02-16 10:00:00,2,1,10,2,1,0,2,8,1,0,3,1
2020-02-16 11:00:00,2,1,11,1,0,4,7,7,0,0,1,3
2020-02-16 12:00:00,2,1,12,1,0,0,14,8,2,1,2,1
2020-02-16 13:00:00,2,1,13,2,0,5,11,12,2,1,3,1
2020-02-16 14:00:00,2,1,14,0,0,7,12,15,2,1,2,1
2020-02-16 15:00:00,2,1,15,0,0,5,15,22,3,1,0,0
2020-02-16 16:00:00,2,1,16,4,0,5,12,15,3,1,0,4
2020-02-16 17:00:00,2,1,17,0,1,3,6,19,3,1,3,0
2020-02-16 18:00:00,2,1,18,5,2,3,10,17,4,1,1,3
2020-02-16 19:00:00,2,1,19,1,0,3,14,13,3,0,2,4
2020-02-16 20:00:00,2,1,20,2,1,7,14,16,2,0,4,2
2020-02-16 21:00:00,2,1,21,1,1,5,9,18,3,0,5,1
2020-02-16 22:00:00,2,1,22,1,3,4,13,21,2,0,4,2
2020-02-16 23:00:00,2,1,23,3,6,6,12,19,3,1,5,4
2020-02-17 00:00:00,2,2,0,1,1,7,16,19,4,2,0,3
2020-02-17 01:00:00,2,2,1,3,3,7,8,16,3,3,2,3
2020-02-17 02:00:00,2,2,2,0,3,10,3,14,2,1,3,4
2020-02-17 03:00:00,2,2,3,1,2,2,6,19,1,1,3,3
2020-02-17 04:00:00,2,2,4,1,0,2,5,19,0,1,3,2
2020-02-17 05:00:00,2,2,5,1,2,4,4,18,0,1,1,1
2020-02-17 06:00:00,2,2,6,0,0,2,1,19,0,1,1,2
2020-02-17 07:00:00,2,2,7,0,3,1,1,14,0,1,1,1
2020-02-17 08:00:00,2,2,8,0,0,0,9,10,0,1,0,1
2020-02-17 09:00:00,2,2,9,2,1,1,7,7,0,1,0,1
2020-02-17 10:00:00,2,2,10,3,6,2,19,8,2,2,0,1
2020-02-17 11:00:00,2,2,11,4,4,5,27,15,2,2,2,1
2020-02-17 12:00:00,2,2,12,4,3,9,37,19,2,2,3,2
2020-02-17 13:00:00,2,2,13,1,10,7,44,23,4,2,4,3
2020-02-17 14:00:00,2,2,14,3,12,8,40,19,4,2,3,6
2020-02-17 15:00:00,2,2,15,5,11,11,41,17,4,3,3,2
2020-02-17 16:00:00,2,2,16,3,8,14,38,19,4,3,1,4
2020-02-17 17:00:00,2,2,17,2,2,15,31,23,4,3,1,4
2020-02-17 18:00:00,2,2,18,6,16,11,18,21,5,3,4,7
2020-02-17 19:00:00,2,2,19,2,9,9,24,19,5,3,6,6
2020-02-17 20:00:00,2,2,20,0,12,12,19,18,3,3,4,5
2020-02-17 21:00:00,2,2,21,1,11,11,20,18,3,3,1,7
2020-02-17 22:00:00,2,2,22,1,15,10,8,19,4,3,8,5
2020-02-17 23:00:00,2,2,23,3,11,9,8,21,3,3,5,0
2020-02-18 00:00:00,2,3,0,2,18,6,1,19,3,3,4,5
2020-02-18 01:00:00,2,3,1,2,23,6,1,18,4,3,1,2
2020-02-18 02:00:00,2,3,2,2,1,8,8,18,3,2,2,5
2020-02-18 03:00:00,2,3,3,0,1,6,5,18,3,3,0,2
2020-02-18 04:00:00,2,3,4,2,1,5,0,20,2,3,2,0
2020-02-18 05:00:00,2,3,5,1,0,1,0,18,3,2,4,0
2020-02-18 06:00:00,2,3,6,1,1,0,0,20,3,2,3,0
2020-02-18 07:00:00,2,3,7,0,4,2,3,15,4,2,3,1
2020-02-18 08:00:00,2,3,8,6,2,2,3,15,2,2,2,1
2020-02-18 09:00:00,2,3,9,2,5,7,6,17,2,2,2,0
2020-02-18 10:00:00,2,3,10,5,1,4,11,19,1,2,5,1
2020-02-18 11:00:00,2,3,11,2,3,4,21,19,3,1,3,1
2020-02-18 12:00:00,2,3,12,2,6,6,17,18,3,1,4,6
2020-02-18 13:00:00,2,3,13,2,1,8,22,16,2,0,2,4
2020-02-18 14:00:00,2,3,14,2,1,6,20,22,3,0,3,3
2020-02-18 15:00:00,2,3,15,4,4,7,20,24,3,1,1,1
2020-02-18 16:00:00,2,3,16,3,14,3,11,24,3,1,3,1
2020-02-18 17:00:00,2,3,17,2,1,7,26,25,3,1,2,2
2020-02-18 18:00:00,2,3,18,4,7,10,21,24,4,1,4,4
2020-02-18 19:00:00,2,3,19,2,1,9,30,26,4,1,5,3
2020-02-18 20:00:00,2,3,20,2,0,10,30,20,5,1,5,3
2020-02-18 21:00:00,2,3,21,1,11,8,23,19,4,3,5,4
2020-02-18 22:00:00,2,3,22,2,16,7,17,15,3,2,6,7
2020-02-18 23:00:00,2,3,23,0,20,5,10,14,4,2,7,2
2020-02-19 00:00:00,2,4,0,0,20,6,5,17,2,2,5,2
2020-02-19 01:00:00,2,4,1,0,2,1,22,17,2,2,4,3
2020-02-19 02:00:00,2,4,2,1,3,1,13,15,2,2,3,5
2020-02-19 03:00:00,2,4,3,1,1,2,6,13,2,2,4,4
2020-02-19 04:00:00,2,4,4,2,0,1,1,13,2,2,3,2
2020-02-19 05:00:00,2,4,5,0,2,2,0,11,2,2,2,1
2020-02-19 06:00:00,2,4,6,0,1,3,0,9,0,2,3,2
2020-02-19 07:00:00,2,4,7,0,3,0,0,10,0,2,3,0
2020-02-19 08:00:00,2,4,8,1,1,3,2,9,1,2,1,0
2020-02-19 09:00:00,2,4,9,3,1,2,6,8,4,1,4,2
2020-02-19 10:00:00,2,4,10,4,0,2,11,10,4,1,3,2
2020-02-19 11:00:00,2,4,11,1,1,6,14,13,4,2,2,0
2020-02-19 12:00:00,2,4,12,1,3,2,17,20,4,2,1,0
2020-02-19 13:00:00,2,4,13,0,2,4,26,18,3,2,2,2
2020-02-19 14:00:00,2,4,14,7,3,5,25,20,3,3,0,1
2020-02-19 15:00:00,2,4,15,3,8,6,25,19,4,3,2,3
2020-02-19 16:00:00,2,4,16,4,5,5,34,18,3,3,3,3
2020-02-19 17:00:00,2,4,17,5,6,8,37,22,2,3,3,3
2020-02-19 18:00:00,2,4,18,2,1,9,46,21,2,2,1,0
2020-02-19 19:00:00,2,4,19,3,0,4,44,19,3,2,1,8
2020-02-19 20:00:00,2,4,20,4,1,3,44,17,4,2,3,3
2020-02-19 21:00:00,2,4,21,3,9,3,29,19,4,1,4,4
2020-02-19 22:00:00,2,4,22,0,10,6,23,17,5,1,4,4
2020-02-19 23:00:00,2,4,23,3,2,7,23,19,5,0,0,5
2020-02-20 00:00:00,2,5,0,0,5,9,22,20,2,0,1,3
2020-02-20 01:00:00,2,5,1,1,1,7,20,18,1,0,0,7
2020-02-20 02:00:00,2,5,2,0,4,2,12,19,1,0,2,3
2020-02-20 03:00:00,2,5,3,3,2,4,8,17,1,0,3,2
2020-02-20 04:00:00,2,5,4,2,0,2,8,20,2,0,4,2
2020-02-20 05:00:00,2,5,5,0,0,0,5,15,2,1,4,3
2020-02-20 06:00:00,2,5,6,0,0,3,1,7,2,1,3,4
2020-02-20 07:00:00,2,5,7,0,1,0,2,7,1,1,1,2
2020-02-20 08:00:00,2,5,8,2,3,1,1,7,1,1,0,0
2020-02-20 09:00:00,2,5,9,1,0,3,7,5,1,1,0,1
2020-02-20 10:00:00,2,5,10,1,0,2,8,7,1,1,0,0
2020-02-20 11:00:00,2,5,11,7,6,5,16,6,0,1,1,0
2020-02-20 12:00:00,2,5,12,6,3,3,28,11,1,0,1,1
2020-02-20 13:00:00,2,5,13,2,2,6,39,15,3,0,4,0
2020-02-20 14:00:00,2,5,14,4,3,6,37,21,3,1,7,0
2020-02-20 15:00:00,2,5,15,5,2,7,40,20,3,2,2,0
2020-02-20 16:00:00,2,5,16,6,0,7,43,20,3,2,5,1
2020-02-20 17:00:00,2,5,17,5,13,6,37,23,4,2,3,4
2020-02-20 18:00:00,2,5,18,4,1,10,36,23,3,2,5,3
2020-02-20 19:00:00,2,5,19,2,3,9,41,20,3,2,6,5
2020-02-20 20:00:00,2,5,20,2,1,6,35,20,4,1,10,4
2020-02-20 21:00:00,2,5,21,0,10,9,18,22,3,2,5,6
2020-02-20 22:00:00,2,5,22,1,0,8,19,27,3,1,8,2
2020-02-20 23:00:00,2,5,23,2,3,7,9,18,2,0,8,10
2020-02-21 00:00:00,2,6,0,1,0,3,15,15,4,1,7,4
2020-02-21 01:00:00,2,6,1,0,1,7,6,12,3,0,9,6
2020-02-21 02:00:00,2,6,2,2,0,3,9,17,3,0,6,3
2020-02-21 03:00:00,2,6,3,1,2,3,7,18,1,0,5,2
2020-02-21 04:00:00,2,6,4,0,5,0,4,17,2,0,7,3
2020-02-21 05:00:00,2,6,5,0,1,3,0,13,1,0,8,3
2020-02-21 06:00:00,2,6,6,0,0,0,0,12,1,1,6,2
2020-02-21 07:00:00,2,6,7,1,1,1,2,8,1,1,3,1
2020-02-21 08:00:00,2,6,8,2,1,3,3,8,1,1,2,0
2020-02-21 09:00:00,2,6,9,0,4,2,9,11,1,1,2,0
2020-02-21 10:00:00,2,6,10,2,4,3,8,11,1,2,2,0
2020-02-21 11:00:00,2,6,11,4,4,4,14,11,2,2,1,1
2020-02-21 12:00:00,2,6,12,3,1,2,28,15,3,2,2,2
2020-02-21 13:00:00,2,6,13,2,0,9,29,17,3,2,3,0
2020-02-21 14:00:00,2,6,14,4,4,6,33,21,3,2,4,2
2020-02-21 15:00:00,2,6,15,5,2,11,32,21,2,2,5,5
2020-02-21 16:00:00,2,6,16,1,3,7,23,23,4,2,7,4
2020-02-21 17:00:00,2,6,17,0,2,9,19,22,4,1,8,5
2020-02-21 18:00:00,2,6,18,3,12,5,15,21,3,1,2,4
2020-02-21 19:00:00,2,6,19,2,8,9,18,22,4,2,4,3
2020-02-21 20:00:00,2,6,20,2,0,3,16,22,3,1,1,5
2020-02-21 21:00:00,2,6,21,2,1,7,10,20,4,1,4,2
2020-02-21 22:00:00,2,6,22,2,3,7,5,19,2,1,4,4
2020-02-21 23:00:00,2,6,23,4,9,9,3,17,4,1,5,3
2020-02-22 00:00:00,2,7,0,1,3,11,8,20,3,1,6,2
2020-02-22 01:00:00,2,7,1,2,3,9,3,17,4,1,7,5
2020-02-22 02:00:00,2,7,2,1,1,11,5,18,5,1,7,0
2020-02-22 03:00:00,2,7,3,1,0,7,6,21,3,1,6,2
2020-02-22 04:00:00,2,7,4,0,0,4,5,22,3,1,5,2
2020-02-22 05:00:00,2,7,5,1,1,4,3,20,2,1,3,3
2020-02-22 06:00:00,2,7,6,0,1,6,1,18,3,1,2,0
2020-02-22 07:00:00,2,7,7,0,5,3,1,21,2,1,1,2
2020-02-22 08:00:00,2,7,8,2,10,3,0,19,3,1,2,0
2020-02-22 09:00:00,2,7,9,3,2,4,6,19,4,0,3,0
2020-02-22 10:00:00,2,7,10,4,1,3,16,20,3,0,3,1
2020-02-22 11:00:00,2,7,11,1,1,5,17,22,4,0,4,1
2020-02-22 12:00:00,2,7,12,2,1,2,20,22,3,0,4,3
2020-02-22 13:00:00,2,7,13,2,0,7,24,20,4,0,4,3
2020-02-22 14:00:00,2,7,14,3,5,6,22,26,3,1,4,0
2020-02-22 15:00:00,2,7,15,7,0,7,33,26,3,1,6,4
2020-02-22 16:00:00,2,7,16,2,0,6,35,25,5,1,7,4
2020-02-22 17:00:00,2,7,17,1,6,2,33,29,4,1,3,1
2020-02-22 18:00:00,2,7,18,3,0,6,30,25,4,1,2,3
2020-02-22 19:00:00,2,7,19,0,0,6,27,27,4,0,0,4
2020-02-22 20:00:00,2,7,20,3,2,5,21,28,3,0,3,3
2020-02-22 21:00:00,2,7,21,2,4,4,9,25,3,1,8,3
2020-02-22 22:00:00,2,7,22,0,3,3,5,25,3,1,6,8
2020-02-22 23:00:00,2,7,23,0,4,6,4,23,2,2,6,2
2020-02-23 00:00:00,2,1,0,1,1,3,5,22,1,1,5,3
2020-02-23 01:00:00,2,1,1,3,0,4,8,18,2,1,2,1
2020-02-23 02:00:00,2,1,2,0,1,4,4,15,2,1,3,2
2020-02-23 03:00:00,2,1,3,3,0,2,6,14,2,1,3,4
2020-02-23 04:00:00,2,1,4,2,2,2,4,11,2,1,1,2
2020-02-23 05:00:00,2,1,5,1,1,1,4,11,3,1,1,1
2020-02-23 06:00:00,2,1,6,2,1,4,2,9,3,1,2,0
2020-02-23 07:00:00,2,1,7,0,4,3,2,15,2,1,2,0
2020-02-23 08:00:00,2,1,8,1,2,3,1,17,1,0,4,2
2020-02-23 09:00:00,2,1,9,2,0,1,6,20,1,1,3,0
2020-02-23 10:00:00,2,1,10,1,1,4,17,14,2,1,2,1
2020-02-23 11:00:00,2,1,11,3,0,0,19,18,2,1,2,0
2020-02-23 12:00:00,2,1,12,0,0,0,27,15,2,1,1,4
2020-02-23 13:00:00,2,1,13,3,0,1,28,13,3,1,1,1
2020-02-23 14:00:00,2,1,14,3,1,2,21,13,5,1,1,0
2020-02-23 15:00:00,2,1,15,4,0,3,18,15,4,1,1,2
2020-02-23 16:00:00,2,1,16,3,0,5,21,17,3,1,5,4
2020-02-23 17:00:00,2,1,17,1,0,3,28,21,3,1,5,1
2020-02-23 18:00:00,2,1,18,1,0,2,25,20,1,1,5,3
2020-02-23 19:00:00,2,1,19,1,0,3,25,20,1,1,3,2
2020-02-23 20:00:00,2,1,20,2,0,1,25,15,2,1,4,2
2020-02-23 21:00:00,2,1,21,2,3,5,31,15,2,1,2,5
2020-02-23 22:00:00,2,1,22,0,1,5,28,16,2,1,3,3
2020-02-23 23:00:00,2,1,23,0,1,4,23,15,3,1,2,2
2020-02-24 00:00:00,2,2,0,1,0,6,18,14,2,0,2,3
2020-02-24 01:00:00,2,2,1,0,0,2,10,15,3,0,3,2
2020-02-24 02:00:00,2,2,2,1,0,1,5,14,2,0,3,3
2020-02-24 03:00:00,2,2,3,1,0,1,2,10,2,0,2,5
2020-02-24 04:00:00,2,2,4,1,0,1,2,8,3,0,1,2
2020-02-24 05:00:00,2,2,5,0,2,1,3,9,2,0,0,0
2020-02-24 06:00:00,2,2,6,0,0,4,4,9,2,0,0,1
2020-02-24 07:00:00,2,2,7,0,0,1,4,9,2,0,1,1
2020-02-24 08:00:00,2,2,8,1,0,1,8,5,2,1,1,2
2020-02-24 09:00:00,2,2,9,0,6,6,12,7,3,1,0,1
2020-02-24 10:00:00,2,2,10,6,5,3,17,6,3,1,0,3
2020-02-24 11:00:00,2,2,11,4,10,6,15,12,3,1,3,0
2020-02-24 12:00:00,2,2,12,3,7,4,21,17,2,1,2,3
2020-02-24 13:00:00,2,2,13,3,15,6,20,13,2,1,2,6
2020-02-24 14:00:00,2,2,14,3,4,8,31,16,2,1,3,2
2020-02-24 15:00:00,2,2,15,3,8,6,32,16,3,2,5,3
2020-02-24 16:00:00,2,2,16,3,5,9,19,22,1,2,5,2
2020-02-24 17:00:00,2,2,17,3,5,6,26,18,2,2,1,3
2020-02-24 18:00:00,2,2,18,8,11,9,25,15,4,2,3,1
2020-02-24 19:00:00,2,2,19,2,0,9,36,18,3,2,8,2
2020-02-24 20:00:00,2,2,20,3,3,8,32,21,2,2,6,2
2020-02-24 21:00:00,2,2,21,2,2,9,28,18,5,2,5,5
2020-02-24 22:00:00,2,2,22,1,2,4,21,18,3,1,4,8
2020-02-24 23:00:00,2,2,23,1,0,6,14,22,2,0,7,2
2020-02-25 00:00:00,2,3,0,0,2,9,9,19,3,0,7,4
2020-02-25 01:00:00,2,3,1,1,4,4,3,19,3,0,7,6
2020-02-25 02:00:00,2,3,2,0,10,3,0,20,2,0,6,3
2020-02-25 03:00:00,2,3,3,1,0,4,9,17,2,0,4,2
2020-02-25 04:00:00,2,3,4,0,2,3,3,11,2,0,6,3
2020-02-25 05:00:00,2,3,5,0,0,3,2,9,2,1,7,3
2020-02-25 06:00:00,2,3,6,0,0,3,1,7,2,2,2,3
2020-02-25 07:00:00,2,3,7,1,1,2,1,10,0,1,0,1
2020-02-25 08:00:00,2,3,8,2,4,0,1,8,1,1,1,1
2020-02-25 09:00:00,2,3,9,3,7,3,1,9,2,1,1,0
2020-02-25 10:00:00,2,3,10,0,7,2,10,7,2,2,1,2
2020-02-25 11:00:00,2,3,11,7,8,2,5,7,2,2,2,2
2020-02-25 12:00:00,2,3,12,3,23,4,3,12,2,0,5,1
2020-02-25 13:00:00,2,3,13,1,4,7,25,18,2,0,6,0
2020-02-25 14:00:00,2,3,14,3,6,7,20,19,1,0,4,2
2020-02-25 15:00:00,2,3,15,2,20,6,8,22,2,0,4,4
2020-02-25 16:00:00,2,3,16,4,1,8,25,22,2,0,6,4
2020-02-25 17:00:00,2,3,17,4,12,11,13,19,2,0,8,3
2020-02-25 18:00:00,2,3,18,4,4,9,23,19,3,1,5,5
2020-02-25 19:00:00,2,3,19,3,4,12,19,19,4,1,7,3
2020-02-25 20:00:00,2,3,20,1,3,8,17,20,2,0,7,6
2020-02-25 21:00:00,2,3,21,1,0,6,15,20,2,0,6,5
2020-02-25 22:00:00,2,3,22,3,8,4,8,18,3,0,4,8
2020-02-25 23:00:00,2,3,23,0,1,9,14,20,3,0,4,2
2020-02-26 00:00:00,2,4,0,2,2,8,13,22,2,0,2,3
2020-02-26 01:00:00,2,4,1,0,0,8,9,18,3,0,4,5
2020-02-26 02:00:00,2,4,2,1,2,5,3,22,2,0,3,1
2020-02-26 03:00:00,2,4,3,1,4,5,2,21,2,1,1,0
2020-02-26 04:00:00,2,4,4,0,1,3,5,16,4,1,2,5
2020-02-26 05:00:00,2,4,5,0,0,2,1,17,5,1,1,0
2020-02-26 06:00:00,2,4,6,1,1,2,1,16,3,1,1,3
2020-02-26 07:00:00,2,4,7,1,0,2,4,19,3,1,1,0
2020-02-26 08:00:00,2,4,8,1,5,2,2,16,2,2,1,1
2020-02-26 09:00:00,2,4,9,3,1,2,10,16,3,2,2,0
2020-02-26 10:00:00,2,4,10,3,1,0,22,15,4,1,2,0
2020-02-26 11:00:00,2,4,11,4,5,1,23,16,2,0,4,2
2020-02-26 12:00:00,2,4,12,6,4,4,24,17,4,0,3,0
2020-02-26 13:00:00,2,4,13,2,0,3,35,18,3,0,2,2
2020-02-26 14:00:00,2,4,14,6,7,8,25,19,2,0,2,2
2020-02-26 15:00:00,2,4,15,1,12,6,25,18,2,1,3,5
2020-02-26 16:00:00,2,4,16,2,1,11,19,18,3,3,4,4
2020-02-26 17:00:00,2,4,17,4,0,6,24,21,4,2,3,6
2020-02-26 18:00:00,2,4,18,3,4,8,24,17,4,2,2,4
2020-02-26 19:00:00,2,4,19,1,10,7,20,18,4,3,3,4
2020-02-26 20:00:00,2,4,20,2,6,4,20,19,3,3,6,4
2020-02-26 21:00:00,2,4,21,2,14,7,14,19,2,3,3,4
2020-02-26 22:00:00,2,4,22,1,12,1,15,16,3,3,3,4
2020-02-26 23:00:00,2,4,23,1,16,4,11,15,2,3,5,2
2020-02-27 00:00:00,2,5,0,3,1,2,22,12,2,3,5,4
2020-02-27 01:00:00,2,5,1,1,0,3,20,9,2,2,5,2
2020-02-27 02:00:00,2,5,2,0,0,1,14,6,1,2,1,4
2020-02-27 03:00:00,2,5,3,0,3,1,9,5,1,3,1,0
2020-02-27 04:00:00,2,5,4,0,3,2,8,4,1,3,1,0
2020-02-27 05:00:00,2,5,5,0,2,0,6,3,1,2,3,1
2020-02-27 06:00:00,2,5,6,0,0,1,2,5,1,1,1,1
2020-02-27 07:00:00,2,5,7,2,1,1,0,4,1,1,0,1
2020-02-27 08:00:00,2,5,8,0,1,0,6,3,1,1,0,0
2020-02-27 09:00:00,2,5,9,0,0,0,5,4,2,1,0,0
2020-02-27 10:00:00,2,5,10,0,0,1,15,4,2,1,1,1
2020-02-27 11:00:00,2,5,11,4,0,1,15,4,2,1,3,1
2020-02-27 12:00:00,2,5,12,2,1,8,24,5,4,0,2,1
2020-02-27 13:00:00,2,5,13,4,1,6,20,12,2,0,1,2
2020-02-27 14:00:00,2,5,14,4,2,5,27,16,4,0,1,2
2020-02-27 15:00:00,2,5,15,5,0,7,22,21,4,0,3,1
2020-02-27 16:00:00,2,5,16,1,0,6,22,22,3,0,2,4
2020-02-27 17:00:00,2,5,17,1,1,6,23,18,4,1,2,8
2020-02-27 18:00:00,2,5,18,2,0,5,20,14,3,1,2,6
2020-02-27 19:00:00,2,5,19,1,0,3,20,17,3,3,3,2
2020-02-27 20:00:00,2,5,20,2,0,3,18,16,3,1,1,4
2020-02-27 21:00:00,2,5,21,4,1,4,15,15,2,1,3,3
2020-02-27 22:00:00,2,5,22,1,1,4,10,19,3,0,2,3
2020-02-27 23:00:00,2,5,23,4,0,1,4,19,4,0,4,2
2020-02-28 00:00:00,2,6,0,1,1,0,2,19,3,0,3,6
2020-02-28 01:00:00,2,6,1,1,2,2,8,14,4,0,5,1
2020-02-28 02:00:00,2,6,2,2,1,4,8,13,3,0,2,1
2020-02-28 03:00:00,2,6,3,1,1,0,6,14,3,0,1,3
2020-02-28 04:00:00,2,6,4,1,3,0,4,10,2,0,0,4
2020-02-28 05:00:00,2,6,5,0,0,1,6,7,2,1,1,0
2020-02-28 06:00:00,2,6,6,0,1,2,3,7,2,1,1,0
2020-02-28 07:00:00,2,6,7,0,1,0,3,4,2,1,3,0
2020-02-28 08:00:00,2,6,8,2,0,0,7,4,2,1,1,0
2020-02-28 09:00:00,2,6,9,3,9,3,5,5,2,1,1,0
2020-02-28 10:00:00,2,6,10,2,19,4,3,12,2,1,2,0
2020-02-28 11:00:00,2,6,11,2,12,3,16,15,1,1,2,1
2020-02-28 12:00:00,2,6,12,5,6,3,14,20,2,1,6,1
2020-02-28 13:00:00,2,6,13,2,5,7,15,20,3,0,7,4
2020-02-28 14:00:00,2,6,14,4,9,4,14,20,3,1,5,0
2020-02-28 15:00:00,2,6,15,3,8,7,16,21,2,1,5,3
2020-02-28 16:00:00,2,6,16,1,0,6,21,20,4,2,5,3
2020-02-28 17:00:00,2,6,17,4,11,6,13,23,3,2,3,3
2020-02-28 18:00:00,2,6,18,2,25,13,9,22,3,2,3,6
2020-02-28 19:00:00,2,6,19,1,2,8,17,20,4,2,3,11
2020-02-28 20:00:00,2,6,20,2,11,5,14,23,4,2,2,3
2020-02-28 21:00:00,2,6,21,4,6,3,25,22,4,2,4,5
2020-02-28 22:00:00,2,6,22,3,8,7,23,17,3,2,4,5
2020-02-28 23:00:00,2,6,23,1,7,4,16,18,3,2,3,4
2020-02-29 00:00:00,2,7,0,3,5,8,12,18,2,2,4,4
2020-02-29 01:00:00,2,7,1,4,0,7,19,23,1,1,2,1
2020-02-29 02:00:00,2,7,2,2,0,10,14,21,0,2,3,5
2020-02-29 03:00:00,2,7,3,1,1,1,8,23,2,1,2,4
2020-02-29 04:00:00,2,7,4,0,0,6,8,23,2,2,2,1
2020-02-29 05:00:00,2,7,5,0,0,2,8,17,0,2,0,8
2020-02-29 06:00:00,2,7,6,0,4,1,4,14,0,2,0,2
2020-02-29 07:00:00,2,7,7,0,0,1,9,10,0,2,1,2
2020-02-29 08:00:00,2,7,8,0,0,3,8,5,0,2,1,0
2020-02-29 09:00:00,2,7,9,1,5,3,8,5,0,2,0,0
2020-02-29 10:00:00,2,7,10,1,1,3,9,7,0,2,1,1
2020-02-29 11:00:00,2,7,11,5,1,3,5,12,1,2,1,0
2020-02-29 12:00:00,2,7,12,6,4,4,9,15,2,2,2,0
2020-02-29 13:00:00,2,7,13,2,2,6,8,20,3,2,3,0
2020-02-29 14:00:00,2,7,14,2,3,5,5,19,3,2,2,2
2020-02-29 15:00:00,2,7,15,1,7,2,7,20,5,2,2,4
2020-02-29 16:00:00,2,7,16,2,8,13,14,20,5,1,3,1
2020-02-29 17:00:00,2,7,17,4,1,14,10,21,4,1,9,3
2020-02-29 18:00:00,2,7,18,4,4,11,12,21,3,0,5,4
2020-02-29 19:00:00,2,7,19,3,3,6,19,22,2,1,4,5
2020-02-29 20:00:00,2,7,20,2,2,9,18,22,1,2,2,3
2020-02-29 21:00:00,2,7,21,1,0,4,24,21,1,2,5,5
2020-02-29 22:00:00,2,7,22,1,4,1,23,18,0,3,4,3
2020-02-29 23:00:00,2,7,23,2,10,1,14,20,1,3,3,1
2020-03-01 00:00:00,3,1,0,3,1,3,19,13,2,3,3,5
